SMILES,Name,InChI,Formula,MW,LogP,pKd,Structure,Synthesize,Chemical,SA_Score,SA_Score_Binary
Sc1nnc(o1)[C@@H](C(=O)OCc1noc(c1)CC(=O)C)N,30/000000101,"InChI=1S/C11H12N4O5S/c1-5(16)2-7-3-6(15-20-7)4-18-10(17)8(12)9-13-14-11(21)19-9/h3,8H,2,4,12H2,1H3,(H,14,21)/t8-/m0/s1",C11H12N4O5S,312,0.08,5.96,2.64,3.7,-170,3.7723368770279215,1
O[C@H](CNCc1cc(Cl)cc(c1)Cl)c1nnc(o1)S,30/000000132,"InChI=1S/C11H11Cl2N3O2S/c12-7-1-6(2-8(13)3-7)4-14-5-9(17)10-15-16-11(19)18-10/h1-3,9,14,17H,4-5H2,(H,16,19)/t9-/m1/s1",C11H11N3O2SCl2,319,3.2,5.67,-1.7,2.22,-150,3.3477639157501162,1
N(C[C@@H]([NH3+])F)NCCCOC(=O)c1ccc(cc1)Cl,28/000000002,"InChI=1S/C12H17ClFN3O2/c13-10-4-2-9(3-5-10)12(18)19-7-1-6-16-17-8-11(14)15/h2-5,11,16-17H,1,6-8,15H2/p+1/t11-/m1/s1",C12H18N3O2FCl,290,2.84,5.57,-0.75,2.22,-170,3.2732689955759513,1
Sc1nnc(o1)[C@@H](C(=O)OCc1nocc1C/C=C\C)N,30/000000195,"InChI=1S/C12H14N4O4S/c1-2-3-4-7-5-19-16-8(7)6-18-11(17)9(13)10-14-15-12(21)20-10/h2-3,5,9H,4,6,13H2,1H3,(H,15,21)/b3-2-/t9-/m0/s1",C12H14N4O4S,310,1.27,5.55,2.03,3.7,-170,4.252350863450616,1
OC/C=C\c1onc(c1)COC(=O)[C@H](c1nnc(o1)S)N,30/000000165,"InChI=1S/C11H12N4O5S/c12-8(9-13-14-11(21)19-9)10(17)18-5-6-4-7(20-15-6)2-1-3-16/h1-2,4,8,16H,3,5,12H2,(H,14,21)/b2-1-/t8-/m0/s1",C11H12N4O5S,312,0.18,5.49,1.43,3.7,-170,4.009700537505375,1
Sc1nnc(o1)[C@@H](C(=O)OCc1nocc1COCNCC)N,30/000000125,"InChI=1S/C12H17N5O5S/c1-2-14-6-19-3-7-4-21-17-8(7)5-20-11(18)9(13)10-15-16-12(23)22-10/h4,9,14H,2-3,5-6,13H2,1H3,(H,16,23)/t9-/m0/s1",C12H17N5O5S,343,0.18,5.44,-0.04,5.21,-170,4.200425565786683,1
Sc1nnc(o1)[C@@H](C(=O)OCc1nocc1CNCC=C)N,30/000000153,"InChI=1S/C12H15N5O4S/c1-2-3-14-4-7-5-20-17-8(7)6-19-11(18)9(13)10-15-16-12(22)21-10/h2,5,9,14H,1,3-4,6,13H2,(H,16,22)/t9-/m0/s1",C12H15N5O4S,325,0.42,5.42,-1.33,3.7,-190,4.150991440513064,1
Oc1noc(c1)[C@@H](C/C=C/NCC1=CCOC1=O)c1ccccc1,3/000000103,"InChI=1S/C18H18N2O4/c21-17-11-16(24-20-17)15(13-5-2-1-3-6-13)7-4-9-19-12-14-8-10-23-18(14)22/h1-6,8-9,11,15,19H,7,10,12H2,(H,20,21)/b9-4+/t15-/m0/s1",C18H18N2O4,326,2.62,5.4,2.07,4.94,-150,3.9334389518324535,1
Oc1c(O)c(S)cc(c1)N(=O)=O,12/000000041,"InChI=1S/C6H5NO4S/c8-4-1-3(7(10)11)2-5(12)6(4)9/h1-2,8-9,12H",C6H5NO4S,187,1.48,5.26,8.41,1.11,0,2.856003099869376,1
Oc1noc(c1)[C@@H](C/C=C/NCC1=CCOC1=O)C(=C)N(=O)=O,3/000000088,"InChI=1S/C14H15N3O6/c1-9(17(20)21)11(12-7-13(18)16-23-12)3-2-5-15-8-10-4-6-22-14(10)19/h2,4-5,7,11,15H,1,3,6,8H2,(H,16,18)/b5-2+/t11-/m0/s1",C14H15N3O6,321,1.41,5.2,3.04,6.17,-150,4.673417603508577,1
Oc1c(I)nc(cc1)[C@H]([NH3+])c1cnc([nH]1)S,30/000000274,"InChI=1S/C9H9IN4OS/c10-8-6(15)2-1-4(13-8)7(11)5-3-12-9(16)14-5/h1-3,7,15H,11H2,(H2,12,14,16)/p+1/t7-/m0/s1",C9H10N4OSI,349,0.65,5.16,7.51,17.1,-150,4.868690007806151,1
C#Cc1cc(c(cc1[C@H](c1cccc(c1)Cl)O)O)CCCO,17/000000251,"InChI=1S/C18H17ClO3/c1-2-12-9-13(6-4-8-20)17(21)11-16(12)18(22)14-5-3-7-15(19)10-14/h1,3,5,7,9-11,18,20-22H,4,6,8H2/t18-/m0/s1",C18H17O3Cl,316,3.2,5.15,-6.46,16.9,-170,3.141636516378499,1
Sc1nnc(o1)[C@@H](C(=O)OCc1nocc1)N,30/000000023,"InChI=1S/C8H8N4O4S/c9-5(6-10-11-8(17)16-6)7(13)14-3-4-1-2-15-12-4/h1-2,5H,3,9H2,(H,11,17)/t5-/m0/s1",C8H8N4O4S,256,0.38,5.1,3.75,2.35,-150,3.9555129219906844,1
Sc1nnc(o1)[C@@H](C(=O)OCCS)N,30/000000039,"InChI=1S/C6H9N3O3S2/c7-3(5(10)11-1-2-13)4-8-9-6(14)12-4/h3,13H,1-2,7H2,(H,9,14)/t3-/m0/s1",C6H9N3O3S2,235,0.7,5.09,4.67,2.35,-150,4.107360984546719,1
OCc1nnc([nH]1)[C@@H](CNCCNCCO)Oc1cccc(c1)Br,17/000000037,"InChI=1S/C15H22BrN5O3/c16-11-2-1-3-12(8-11)24-13(9-18-5-4-17-6-7-22)15-19-14(10-23)20-21-15/h1-3,8,13,17-18,22-23H,4-7,9-10H2,(H,19,20,21)/t13-/m1/s1",C15H22N5O3Br,400,1.3,5.09,-1.4,3.58,-190,3.507997413370914,1
Sc1nnc(o1)[C@@H](COc1ncccc1N)O,30/000000143,"InChI=1S/C9H10N4O3S/c10-5-2-1-3-11-7(5)15-4-6(14)8-12-13-9(17)16-8/h1-3,6,14H,4,10H2,(H,13,17)/t6-/m1/s1",C9H10N4O3S,254,1.01,5.03,4.29,2.22,-150,3.5913475373752997,1
S[C@@H](/C=C/1\NC(=O)N(C1=O)CC=C)C(=O)O,17/000000002,"InChI=1S/C9H10N2O4S/c1-2-3-11-7(12)5(10-9(11)15)4-6(16)8(13)14/h2,4,6,16H,1,3H2,(H,10,15)(H,13,14)/b5-4-/t6-/m0/s1",C9H10N2O4S,242,-0.24,5.03,-0.08,3.58,-150,3.849276820992965,1
[nH]1c(nnc1CNCCCN)CC#Cc1ccc([nH]1)C[NH3+],17/000000032,"InChI=1S/C14H21N7/c15-7-2-8-17-10-14-19-13(20-21-14)4-1-3-11-5-6-12(9-16)18-11/h5-6,17-18H,2,4,7-10,15-16H2,(H,19,20,21)/p+1",C14H22N7,288,0.52,5.02,-0.15,24.8,-40,4.164216129889924,1
Oc1noc(c1)[C@@H](C/C=C/NCC1=CCOC1=O)c1[nH]ccc1,3/000000082,"InChI=1S/C16H17N3O4/c20-15-9-14(23-19-15)12(13-4-2-7-18-13)3-1-6-17-10-11-5-8-22-16(11)21/h1-2,4-7,9,12,17-18H,3,8,10H2,(H,19,20)/b6-1+/t12-/m0/s1",C16H17N3O4,315,1.43,5.01,3.49,6.17,-150,4.43737487604015,1
Oc1noc(c1)[C@@H](C/C=C/NCC1=CCOC1=O)C1=CCNCN1,3/000000080,"InChI=1S/C16H20N4O4/c21-15-8-14(24-20-15)12(13-3-6-18-10-19-13)2-1-5-17-9-11-4-7-23-16(11)22/h1,3-5,8,12,17-19H,2,6-7,9-10H2,(H,20,21)/b5-1+/t12-/m0/s1",C16H20N4O4,332,0.69,4.99,2.94,6.17,-150,4.866248402381904,1
N(Cc1nnc[nH]1)OCc1oc(nc1)[C@H](C)N(=O)=O,17/000000182,"InChI=1S/C9H12N6O4/c1-6(15(16)17)9-10-2-7(19-9)4-18-13-3-8-11-5-12-14-8/h2,5-6,13H,3-4H2,1H3,(H,11,12,14)/t6-/m0/s1",C9H12N6O4,268,0.83,4.97,4.06,2.35,-170,4.494072527264388,1
Oc1noc(c1)[C@@H](C/C=C/NCC1=CCOC1=O)c1nocn1,3/000000047,"InChI=1S/C14H14N4O5/c19-12-6-11(23-17-12)10(13-16-8-22-18-13)2-1-4-15-7-9-3-5-21-14(9)20/h1,3-4,6,8,10,15H,2,5,7H2,(H,17,19)/b4-1+/t10-/m1/s1",C14H14N4O5,318,0.81,4.94,2.67,6.17,-150,4.635641466166442,1
Oc1c(I)nc(cc1)[C@@H](c1nonc1)N,30/000000252,"InChI=1S/C8H7IN4O2/c9-8-6(14)2-1-4(12-8)7(10)5-3-11-15-13-5/h1-3,7,14H,10H2/t7-/m0/s1",C8H7N4O2I,318,1.31,4.92,7.89,16.7,-150,4.256093332580418,1
Oc1cc(ccc1CCCO)[C@H](c1cccc(c1)Cl)O,17/000000056,"InChI=1S/C16H17ClO3/c17-14-5-1-3-12(9-14)16(20)13-7-6-11(4-2-8-18)15(19)10-13/h1,3,5-7,9-10,16,18-20H,2,4,8H2/t16-/m0/s1",C16H17O3Cl,292,2.71,4.9,-6.78,12.9,-170,2.5889598003767293,1
SCNc1c(OCC[NH3+])cncc1Br,3/000000034,"InChI=1S/C8H12BrN3OS/c9-6-3-11-4-7(13-2-1-10)8(6)12-5-14/h3-4,14H,1-2,5,10H2,(H,11,12)/p+1",C8H13N3OSBr,279,0.67,4.9,1.54,2.35,0,4.011965792792731,1
Oc1c(I)nc(cc1)[C@@H](c1noc(=O)[nH]1)N,30/000000224,"InChI=1S/C8H7IN4O3/c9-6-4(14)2-1-3(11-6)5(10)7-12-8(15)16-13-7/h1-2,5,14H,10H2,(H,12,13,15)/t5-/m0/s1",C8H7N4O3I,334,0.28,4.86,7.26,16.4,-150,4.2642424553586,1
N(Cc1nnc([nH]1)CBr)OCc1oc(nc1)COC(=O)C,17/000000187,"InChI=1S/C11H14BrN5O4/c1-7(18)19-6-11-13-3-8(21-11)5-20-14-4-10-15-9(2-12)16-17-10/h3,14H,2,4-6H2,1H3,(H,15,16,17)",C11H14N5O4Br,360,1.41,4.82,3.12,3.58,-20,3.608406697355247,1
Oc1c(I)nc(cc1)[C@H]([NH3+])c1n[nH]cn1,30/000000232,"InChI=1S/C8H8IN5O/c9-7-5(15)2-1-4(13-7)6(10)8-11-3-12-14-8/h1-3,6,15H,10H2,(H,11,12,14)/p+1/t6-/m0/s1",C8H9N5OI,318,0.54,4.82,8.37,16.0,-150,4.904218607305692,1
OCc1ccc(cc1OCC[C@@H](C1=NCON1)NC1=NCC(=O)N1)Cl,9/000000022,"InChI=1S/C15H18ClN5O4/c16-10-2-1-9(7-22)12(5-10)24-4-3-11(14-18-8-25-21-14)19-15-17-6-13(23)20-15/h1-2,5,11,22H,3-4,6-8H2,(H,18,21)(H2,17,19,20,23)/t11-/m0/s1",C15H18N5O4Cl,367,0.64,4.81,-2.2,3.58,-190,4.0344369994036935,1
Oc1noc(c1)[C@H](CCCl)C/C=C/NCC1=CCOC1=O,3/000000105,"InChI=1S/C14H17ClN2O4/c15-5-3-10(12-8-13(18)17-21-12)2-1-6-16-9-11-4-7-20-14(11)19/h1,4,6,8,10,16H,2-3,5,7,9H2,(H,17,18)/b6-1+/t10-/m0/s1",C14H17N2O4Cl,312,2.12,4.81,3.69,5.09,-150,4.487621306736143,1
Oc1noc(c1)[C@@H](C/C=C/NCC1=CCOC1=O)c1n[nH]nc1,3/000000024,"InChI=1S/C14H15N5O4/c20-13-6-12(23-18-13)10(11-8-16-19-17-11)2-1-4-15-7-9-3-5-22-14(9)21/h1,3-4,6,8,10,15H,2,5,7H2,(H,18,20)(H,16,17,19)/b4-1+/t10-/m0/s1",C14H15N5O4,317,1.67,4.8,3.12,6.17,-150,4.5723108117462345,1
Oc1c(I)nc(cc1)[C@@H](COCC=C)N,30/000000303,"InChI=1S/C10H13IN2O2/c1-2-5-15-6-7(12)8-3-4-9(14)10(11)13-8/h2-4,7,14H,1,5-6,12H2/t7-/m1/s1",C10H13N2O2I,320,1.26,4.8,7.99,12.5,-150,3.6924125499484157,1
O[C@H](C(=O)NCCc1ccccc1Br)c1c(=O)[nH][nH]c1,30/000000009,"InChI=1S/C13H14BrN3O3/c14-10-4-2-1-3-8(10)5-6-15-13(20)11(18)9-7-16-17-12(9)19/h1-4,7,11,18H,5-6H2,(H,15,20)(H2,16,17,19)/t11-/m0/s1",C13H14N3O3Br,340,0.8,4.78,0.35,4.81,-150,3.2091661190580485,1
S[C@@H](C[NH2+]CCn1ccnc1CO)c1nccn2c1nnc2,3/000000051,"InChI=1S/C13H17N7OS/c21-8-11-15-2-5-19(11)4-1-14-7-10(22)12-13-18-17-9-20(13)6-3-16-12/h2-3,5-6,9-10,14,21-22H,1,4,7-8H2/p+1/t10-/m0/s1",C13H18N7OS,320,-0.06,4.77,0.36,4.94,-190,4.552525226183039,1
N[C@@H](COc1cncc(c1C=C1NCCN1)Br)C(=O)N,3/000000002,"InChI=1S/C12H16BrN5O2/c13-8-4-16-5-10(20-6-9(14)12(15)19)7(8)3-11-17-1-2-18-11/h3-5,9,17-18H,1-2,6,14H2,(H2,15,19)/t9-/m0/s1",C12H16N5O2Br,342,-0.38,4.76,1.24,3.58,-150,4.049147987189917,1
Oc1c(O)cc(cc1S)I,12/000000053,"InChI=1S/C6H5IO2S/c7-3-1-4(8)6(9)5(10)2-3/h1-2,8-10H",C6H5O2SI,268,2.66,4.73,7.76,1.0,0,3.2785569406400104,1
Oc1noc(c1)[C@@H](C/C=C/NCC1=CCOC1=O)CSC,3/000000062,"InChI=1S/C14H18N2O4S/c1-21-9-11(12-7-13(17)16-20-12)3-2-5-15-8-10-4-6-19-14(10)18/h2,4-5,7,11,15H,3,6,8-9H2,1H3,(H,16,17)/b5-2+/t11-/m0/s1",C14H18N2O4S,310,2.04,4.72,2.92,5.09,-170,4.522940537505374,1
O=C(CON[C@H](c1nnc([nH]1)CC)C=C)N,17/000000147,"InChI=1S/C9H15N5O2/c1-3-6(14-16-5-7(10)15)9-11-8(4-2)12-13-9/h3,6,14H,1,4-5H2,2H3,(H2,10,15)(H,11,12,13)/t6-/m0/s1",C9H15N5O2,225,0.73,4.72,-1.69,18.2,-170,4.31060189591804,1
OCCNCCOc1cnc(c(c1S)Br)C,3/000000013,"InChI=1S/C10H15BrN2O2S/c1-7-9(11)10(16)8(6-13-7)15-5-3-12-2-4-14/h6,12,14H,2-5H2,1H3,(H,13,16)",C10H15N2O2SBr,307,1.08,4.71,0.27,3.58,-20,2.939564559264417,1
Sc1nc2ccccc2c(c1)N(C(=O)/C=C\c1nnco1)O,14/000000011,"InChI=1S/C14H10N4O3S/c19-14(6-5-12-17-15-8-21-12)18(20)11-7-13(22)16-10-4-2-1-3-9(10)11/h1-8,20H,(H,16,22)/b6-5-",C14H10N4O3S,314,2.22,4.7,-4.65,23.9,-80,3.449415664879064,1
Oc1c(O)c(S)cc(c1)CO,12/000000022,"InChI=1S/C7H8O3S/c8-3-4-1-5(9)7(10)6(11)2-4/h1-2,8-11H,3H2",C7H8O3S,172,0.78,4.69,6.99,9.1,0,2.86985656971898,1
O=C(CONCc1nnc([nH]1)CCc1nncs1)N,17/000000193,"InChI=1S/C9H13N7O2S/c10-6(17)4-18-12-3-8-13-7(14-15-8)1-2-9-16-11-5-19-9/h5,12H,1-4H2,(H2,10,17)(H,13,14,15)",C9H13N7O2S,283,0.99,4.67,-3.05,3.58,-60,3.7625222302378045,1
Oc1c(O)c(S)cc(c1)CC,12/000000052,"InChI=1S/C8H10O2S/c1-2-5-3-6(9)8(10)7(11)4-5/h3-4,9-11H,2H2,1H3",C8H10O2S,170,2.07,4.67,7.98,2.22,-20,2.770493704997495,1
Sc1c(OC[C@@H](C)O)cnc(c1Br)CCN,3/000000109,"InChI=1S/C10H15BrN2O2S/c1-6(14)5-15-8-4-13-7(2-3-12)9(11)10(8)16/h4,6,14H,2-3,5,12H2,1H3,(H,13,16)/t6-/m1/s1",C10H15N2O2SBr,307,0.98,4.67,-3.73,3.72,-190,3.7132558396487285,1
Oc1cc(O)c(nc1[C@@H](CO)O)I,30/000000301,"InChI=1S/C7H8INO4/c8-7-4(12)1-3(11)6(9-7)5(13)2-10/h1,5,10-13H,2H2/t5-/m1/s1",C7H8NO4I,297,-0.21,4.67,7.42,2.22,-150,3.871371327715515,1
Oc1c(O)c(S)cc(c1)CON,12/000000024,"InChI=1S/C7H9NO3S/c8-11-3-4-1-5(9)7(10)6(12)2-4/h1-2,9-10,12H,3,8H2",C7H9NO3S,187,0.27,4.66,7.42,2.35,0,3.18638098448476,1
OC(=O)c1c(C#CCCCO)cc(c(c1)O)CC,17/000000285,"InChI=1S/C14H16O4/c1-2-10-8-11(6-4-3-5-7-15)12(14(17)18)9-13(10)16/h8-9,15-16H,2-3,5,7H2,1H3,(H,17,18)",C14H16O4,248,2.08,4.65,-7.5,15.8,-60,2.6522524746575353,1
OC(=O)[C@H](/C=C/CNC)c1nnc(o1)S,30/000000170,"InChI=1S/C8H11N3O3S/c1-9-4-2-3-5(7(12)13)6-10-11-8(15)14-6/h2-3,5,9H,4H2,1H3,(H,11,15)(H,12,13)/b3-2+/t5-/m1/s1",C8H11N3O3S,229,0.94,4.64,5.92,3.85,-170,4.291714613738286,1
Oc1ccc(cc1N(=O)=O)[C@@H](C)NC(=O)NC1=NCC(=O)N1,9/000000002,"InChI=1S/C12H13N5O5/c1-6(7-2-3-9(18)8(4-7)17(21)22)14-12(20)16-11-13-5-10(19)15-11/h2-4,6,18H,5H2,1H3,(H3,13,14,15,16,19,20)/t6-/m1/s1",C12H13N5O5,307,-0.22,4.63,-4.35,2.22,-170,3.216399505029192,1
Oc1c(cc(cc1)c1cc[nH]c1)/C=C/CCO,17/000000112,"InChI=1S/C14H15NO2/c16-8-2-1-3-12-9-11(4-5-14(12)17)13-6-7-15-10-13/h1,3-7,9-10,15-17H,2,8H2/b3-1+",C14H15NO2,229,2.22,4.62,-7.14,3.58,-180,2.7817089680258,1
Sc1nnc(o1)[C@@H](C(=O)OCc1noc(c1)CF)N,30/000000183,"InChI=1S/C9H9FN4O4S/c10-2-5-1-4(14-18-5)3-16-8(15)6(11)7-12-13-9(19)17-7/h1,6H,2-3,11H2,(H,13,19)/t6-/m0/s1",C9H9N4O4SF,288,0.71,4.61,5.37,2.35,-150,3.95340252242646,1
OCCNCCNC[C@H](c1nnc[nH]1)Oc1cccc(c1)Br,17/000000015,"InChI=1S/C14H20BrN5O2/c15-11-2-1-3-12(8-11)22-13(14-18-10-19-20-14)9-17-5-4-16-6-7-21/h1-3,8,10,13,16-17,21H,4-7,9H2,(H,18,19,20)/t13-/m1/s1",C14H20N5O2Br,370,2.1,4.6,-1.22,3.58,-190,3.450825706952269,1
Sc1c(OCC(=O)O)cnc(c1Br)CC(=O)O,3/000000043,"InChI=1S/C9H8BrNO5S/c10-8-4(1-6(12)13)11-2-5(9(8)17)16-3-7(14)15/h2H,1,3H2,(H,11,17)(H,12,13)(H,14,15)",C9H8NO5SBr,322,0.76,4.6,-3.6,2.48,0,2.949654274148248,1
S[C@H](C(=C)c1csc(=N)[nH]1)NC1=NCC(=O)N1,9/000000004,"InChI=1S/C9H11N5OS2/c1-4(5-3-17-8(10)12-5)7(16)14-9-11-2-6(15)13-9/h3,7,16H,1-2H2,(H2,10,12)(H2,11,13,14,15)/t7-/m1/s1",C9H11N5OS2,269,0.6,4.59,-0.46,23.4,-150,4.950416461270554,1
Sc1nc2ccccc2c(c1)Oc1noc(c1)CCON,14/000000008,"InChI=1S/C14H13N3O3S/c15-18-6-5-9-7-13(17-20-9)19-12-8-14(21)16-11-4-2-1-3-10(11)12/h1-4,7-8H,5-6,15H2,(H,16,21)",C14H13N3O3S,303,1.97,4.59,-4.35,19.9,-80,3.1314496733955997,1
OC(=O)C[C@@H]([NH3+])c1nc(I)c(cc1)O,30/000000324,"InChI=1S/C8H9IN2O3/c9-8-6(12)2-1-5(11-8)4(10)3-7(13)14/h1-2,4,12H,3,10H2,(H,13,14)/p+1/t4-/m1/s1",C8H10N2O3I,309,0.38,4.57,8.98,12.5,-150,4.222729186757027,1
Sc1nnc(o1)[C@@H](C(=O)OCCCC)N,30/000000068,"InChI=1S/C8H13N3O3S/c1-2-3-4-13-7(12)5(9)6-10-11-8(15)14-6/h5H,2-4,9H2,1H3,(H,11,15)/t5-/m0/s1",C8H13N3O3S,231,1.17,4.57,2.54,2.35,-170,3.5649063585788108,1
Sc1nnc(o1)[C@@H](C#CCOC(=O)c1ccn(c1)C(=O)C=C)O,30/000000089,"InChI=1S/C14H11N3O5S/c1-2-11(19)17-6-5-9(8-17)13(20)21-7-3-4-10(18)12-15-16-14(23)22-12/h2,5-6,8,10,18H,1,7H2,(H,16,23)/t10-/m1/s1",C14H11N3O5S,333,0.85,4.56,-0.49,4.94,-190,4.253879141970116,1
OC(=O)CCCCCC[C@@H](c1nnc(o1)S)S,30/000000189,"InChI=1S/C10H16N2O3S2/c13-8(14)6-4-2-1-3-5-7(16)9-11-12-10(17)15-9/h7,16H,1-6H2,(H,12,17)(H,13,14)/t7-/m0/s1",C10H16N2O3S2,276,2.91,4.56,5.44,3.58,-150,3.5887974760005044,1
Oc1c(cc(c(c1)Oc1ccccc1)c1cc[nH]c1)/C=C/C,17/000000116,"InChI=1S/C19H17NO2/c1-2-6-14-11-17(15-9-10-20-13-15)19(12-18(14)21)22-16-7-4-3-5-8-16/h2-13,20-21H,1H3/b6-2+",C19H17NO2,291,4.58,4.56,-8.11,16.6,-200,2.615677203340603,1
Sc1nnc(s1)C#CCN1C(=O)N/C(=C\[C@H]2N=COC2)/C1=O,17/000000005,"InChI=1S/C12H9N5O3S2/c18-10-8(4-7-5-20-6-13-7)14-11(19)17(10)3-1-2-9-15-16-12(21)22-9/h4,6-7H,3,5H2,(H,14,19)(H,16,21)/b8-4-/t7-/m1/s1",C12H9N5O3S2,335,0.79,4.56,1.61,3.58,-170,4.840901153380841,1
Oc1c(O)cc(cc1S)Cl,12/000000044,"InChI=1S/C6H5ClO2S/c7-3-1-4(8)6(9)5(10)2-3/h1-2,8-10H",C6H5O2SCl,176,2.21,4.55,7.3,1.0,0,2.842440372592673,1
N(CC)NC[C@@]1(C=NNC1=O)[NH3+],18/000000007,"InChI=1S/C6H13N5O/c1-2-8-9-3-6(7)4-10-11-5(6)12/h4,8-9H,2-3,7H2,1H3,(H,11,12)/p+1/t6-/m0/s1",C6H14N5O,172,0.0,4.55,6.31,2.22,-170,5.180285191767755,1
O[C@@H](c1nnc(o1)S)C#CCOC(=O)c1cc[nH]c1CC(=C)C,30/000000191,"InChI=1S/C15H15N3O4S/c1-9(2)8-11-10(5-6-16-11)14(20)21-7-3-4-12(19)13-17-18-15(23)22-13/h5-6,12,16,19H,1,7-8H2,2H3,(H,18,23)/t12-/m1/s1",C15H15N3O4S,333,1.7,4.53,0.2,5.21,-190,4.299149574662423,1
OC(=O)CCONCc1nnc([nH]1)CCCC(=O)C,17/000000180,"InChI=1S/C11H18N4O4/c1-8(16)3-2-4-9-13-10(15-14-9)7-12-19-6-5-11(17)18/h12H,2-7H2,1H3,(H,17,18)(H,13,14,15)",C11H18N4O4,270,0.88,4.53,-1.25,3.58,-150,3.232005111884459,1
Oc1c(O)cc(cc1S)S,12/000000058,"InChI=1S/C6H6O2S2/c7-4-1-3(9)2-5(10)6(4)8/h1-2,7-10H",C6H6O2S2,174,1.97,4.53,7.67,1.0,0,3.4412332720009564,1
Sc1nnc(o1)CC/C=C\CC(=O)CC(=O)Nc1ccc(cc1Br)F,30/000000052,"InChI=1S/C16H15BrFN3O3S/c17-12-8-10(18)6-7-13(12)19-14(23)9-11(22)4-2-1-3-5-15-20-21-16(25)24-15/h1-2,6-8H,3-5,9H2,(H,19,23)(H,21,25)/b2-1-",C16H15N3O3SFBr,428,3.46,4.53,-0.91,3.58,-60,3.0461962911216975,1
OC(=O)Cc1ncc(c(c1Br)S)O[C@@H]1C=NOC1,3/000000099,"InChI=1S/C10H9BrN2O4S/c11-9-6(1-8(14)15)12-3-7(10(9)18)17-5-2-13-16-4-5/h2-3,5H,1,4H2,(H,12,18)(H,14,15)/t5-/m1/s1",C10H9N2O4SBr,333,1.9,4.52,-3.06,2.48,-150,4.400364035372812,1
SCn1nnc(c1)[C@@H](COCC=C)[NH3+],10/000000019,"InChI=1S/C8H14N4OS/c1-2-3-13-5-7(9)8-4-12(6-14)11-10-8/h2,4,7,14H,1,3,5-6,9H2/p+1/t7-/m1/s1",C8H15N4OS,215,-0.12,4.52,4.7,3.58,-150,4.693781289747593,1
Oc1cc(C=C)cc(c1O)S,12/000000045,"InChI=1S/C8H8O2S/c1-2-5-3-6(9)8(10)7(11)4-5/h2-4,9-11H,1H2",C8H8O2S,168,2.1,4.52,8.13,2.22,0,3.186078850886089,1
Sc1nnc(o1)[C@@H](C#CCOC(=O)c1cc[nH]c1)O,30/000000064,"InChI=1S/C11H9N3O4S/c15-8(9-13-14-11(19)18-9)2-1-5-17-10(16)7-3-4-12-6-7/h3-4,6,8,12,15H,5H2,(H,14,19)/t8-/m1/s1",C11H9N3O4S,279,1.18,4.52,2.32,3.58,-150,4.138326373418235,1
O[C@H](/C=C/CC=C)c1nnc(o1)S,30/000000034,"InChI=1S/C8H10N2O2S/c1-2-3-4-5-6(11)7-9-10-8(13)12-7/h2,4-6,11H,1,3H2,(H,10,13)/b5-4+/t6-/m1/s1",C8H10N2O2S,198,1.75,4.52,4.14,2.22,-150,4.453485128620493,1
Sc1nnc(o1)[C@@H](C(=O)OCC(=O)OC)N,30/000000008,"InChI=1S/C7H9N3O5S/c1-13-3(11)2-14-6(12)4(8)5-9-10-7(16)15-5/h4H,2,8H2,1H3,(H,10,16)/t4-/m0/s1",C7H9N3O5S,247,-0.27,4.51,4.16,2.35,-170,3.609686608879498,1
Oc1ccc(cc1CCO)c1cc[nH]c1C=C,17/000000121,"InChI=1S/C14H15NO2/c1-2-13-12(5-7-15-13)10-3-4-14(17)11(9-10)6-8-16/h2-5,7,9,15-17H,1,6,8H2",C14H15NO2,229,2.15,4.51,-6.76,3.58,-160,2.818289658763632,1
Oc1c(O)c(S)cc(c1)CC=C,12/000000049,"InChI=1S/C9H10O2S/c1-2-3-6-4-7(10)9(11)8(12)5-6/h2,4-5,10-12H,1,3H2",C9H10O2S,182,2.25,4.51,7.43,2.22,0,3.063466080638606,1
Oc1c(I)nc(cc1)[C@@H](C[NH3+])N,30/000000205,"InChI=1S/C7H10IN3O/c8-7-6(12)2-1-5(11-7)4(10)3-9/h1-2,4,12H,3,9-10H2/p+1/t4-/m1/s1",C7H11N3OI,280,0.06,4.51,6.09,9.9,-150,4.507869151557964,1
Oc1cc(Cl)c(c(c1)[C@@H](C)NNCCc1ncc(s1)CCO)F,25/000000056,"InChI=1S/C15H19ClFN3O2S/c1-9(12-6-10(22)7-13(16)15(12)17)20-19-4-2-14-18-8-11(23-14)3-5-21/h6-9,19-22H,2-5H2,1H3/t9-/m1/s1",C15H19N3O2SFCl,359,2.24,4.51,1.85,24.3,-170,3.644851738123961,1
Oc1noc(c1)[C@@H](C/C=C/NCC1=CCOC1=O)n1oc(=O)nc1,3/000000022,"InChI=1S/C14H14N4O6/c19-12-6-11(23-17-12)10(18-8-16-14(21)24-18)2-1-4-15-7-9-3-5-22-13(9)20/h1,3-4,6,8,10,15H,2,5,7H2,(H,17,19)/b4-1+/t10-/m1/s1",C14H14N4O6,334,-0.29,4.51,2.88,4.94,-150,4.8728368782538585,1
OC(=O)[C@H](/C=C/CNCCC)c1nnc(o1)S,30/000000190,"InChI=1S/C10H15N3O3S/c1-2-5-11-6-3-4-7(9(14)15)8-12-13-10(17)16-8/h3-4,7,11H,2,5-6H2,1H3,(H,13,17)(H,14,15)/b4-3+/t7-/m1/s1",C10H15N3O3S,257,1.72,4.5,6.71,3.85,-170,4.010442320517689,1
Oc1c(O)c(S)cc(c1)CF,12/000000038,"InChI=1S/C7H7FO2S/c8-3-4-1-5(9)7(10)6(11)2-4/h1-2,9-11H,3H2",C7H7O2SF,174,1.91,4.5,7.22,10.6,0,3.1400141294006776,1
Sc1c(OCCC2=NCC(=O)N2)cncc1Br,3/000000101,"InChI=1S/C10H10BrN3O2S/c11-6-3-12-4-7(10(6)17)16-2-1-8-13-5-9(15)14-8/h3-4H,1-2,5H2,(H,12,17)(H,13,14,15)",C10H10N3O2SBr,316,0.39,4.5,1.69,3.58,0,3.5593935049174794,1
c1cnc(nc1C(=O)N)CCNC(=O)c1c(Cl)cccc1Cl,25/000000023,"InChI=1S/C14H12Cl2N4O2/c15-8-2-1-3-9(16)12(8)14(22)19-7-5-11-18-6-4-10(20-11)13(17)21/h1-4,6H,5,7H2,(H2,17,21)(H,19,22)",C14H12N4O2Cl2,338,1.31,4.5,-3.43,3.58,0,2.319328653529757,1
Oc1cc(OCc2occc2)c(cc1)c1c[nH]cc1,17/000000124,"InChI=1S/C15H13NO3/c17-12-3-4-14(11-5-6-16-9-11)15(8-12)19-10-13-2-1-7-18-13/h1-9,16-17H,10H2",C15H13NO3,255,2.59,4.49,-3.84,3.58,-160,2.4780060863816615,1
OC(=O)[C@H](/C=C/C=C\CNC)c1nnc(o1)S,30/000000110,"InChI=1S/C10H13N3O3S/c1-11-6-4-2-3-5-7(9(14)15)8-12-13-10(17)16-8/h2-5,7,11H,6H2,1H3,(H,13,17)(H,14,15)/b4-2-,5-3+/t7-/m1/s1",C10H13N3O3S,255,1.21,4.47,5.5,3.85,-170,4.325292075018508,1
N(C(=O)/C=C/1\NC(=O)N(C1=O)c1cccc(c1Cl)OC)N,17/000000046,"InChI=1S/C12H11ClN4O4/c1-21-8-4-2-3-7(10(8)13)17-11(19)6(15-12(17)20)5-9(18)16-14/h2-5H,14H2,1H3,(H,15,20)(H,16,18)/b6-5-",C12H11N4O4Cl,310,-0.21,4.47,-2.99,22.5,-160,2.7093496933066614,1
Oc1cc(O)c(nc1C[NH3+])I,30/000000201,"InChI=1S/C6H7IN2O2/c7-6-5(11)1-4(10)3(2-8)9-6/h1,10-11H,2,8H2/p+1",C6H8N2O2I,267,0.33,4.47,7.57,9.1,0,4.272457630726938,1
Oc1cc(ccc1S(=O)=O)[C@@H](N(CCO)C)/C=C/CS,17/000000104,"InChI=1S/C13H19NO4S2/c1-14(6-7-15)11(3-2-8-19)10-4-5-13(20(17)18)12(16)9-10/h2-5,9,11,15-16,19-20H,6-8H2,1H3/b3-2+/t11-/m0/s1",C13H19NO4S2,317,0.59,4.46,-2.83,19.4,-170,4.567165020156951,1
Oc1cc(O)c(nc1CO)I,30/000000325,"InChI=1S/C6H6INO3/c7-6-5(11)1-4(10)3(2-9)8-6/h1,9-11H,2H2",C6H6NO3I,267,0.39,4.45,6.92,2.22,0,3.283512803140731,1
Oc1cc(c(cc1Br)CCl)[C@@](C1=CCNC1)(N)OC,17/000000266,"InChI=1S/C13H16BrClN2O2/c1-19-13(16,9-2-3-17-7-9)10-5-12(18)11(14)4-8(10)6-15/h2,4-5,17-18H,3,6-7,16H2,1H3/t13-/m0/s1",C13H16N2O2ClBr,347,1.43,4.45,-6.76,16.6,-170,4.259497576574054,1
OC(=O)Cc1oc(cn1)CONCc1nnc([nH]1)CBr,17/000000216,"InChI=1S/C10H12BrN5O4/c11-2-7-14-8(16-15-7)4-13-19-5-6-3-12-9(20-6)1-10(17)18/h3,13H,1-2,4-5H2,(H,17,18)(H,14,15,16)",C10H12N5O4Br,346,0.91,4.45,1.73,2.35,0,3.6991344188732196,1
OC(=O)c1c(C#CCCCCS)cc(c(c1)O)CC,17/000000295,"InChI=1S/C15H18O3S/c1-2-11-9-12(7-5-3-4-6-8-19)13(15(17)18)10-14(11)16/h9-10,16,19H,2-4,6,8H2,1H3,(H,17,18)",C15H18O3S,278,3.81,4.45,-8.63,17.7,-60,2.8263391802109084,1
Sc1c(Br)c(ncc1O)[C@@H](CN)C=C,3/000000111,"InChI=1S/C9H11BrN2OS/c1-2-5(3-11)8-7(10)9(14)6(13)4-12-8/h2,4-5,13H,1,3,11H2,(H,12,14)/t5-/m1/s1",C9H11N2OSBr,275,1.3,4.45,-6.83,3.98,-190,4.334381577609419,1
Sc1nnc(o1)[C@@H](C(=O)OCc1noc(c1)CCCNC)N,30/000000187,"InChI=1S/C12H17N5O4S/c1-14-4-2-3-8-5-7(17-21-8)6-19-11(18)9(13)10-15-16-12(22)20-10/h5,9,14H,2-4,6,13H2,1H3,(H,16,22)/t9-/m0/s1",C12H17N5O4S,327,0.42,4.44,3.07,5.21,-190,3.723428909495695,1
Oc1c(I)nc(cc1)[C@@H](NCC(=O)NCC)N,30/000000281,"InChI=1S/C10H15IN4O2/c1-2-13-8(17)5-14-10(12)6-3-4-7(16)9(11)15-6/h3-4,10,14,16H,2,5,12H2,1H3,(H,13,17)/t10-/m1/s1",C10H15N4O2I,350,0.18,4.44,8.67,15.3,-170,3.6145753383786428,1
c1nc(oc1CONCc1nnc[nH]1)CCCC(=O)C,17/000000179,"InChI=1S/C12H17N5O3/c1-9(18)3-2-4-12-13-5-10(20-12)7-19-16-6-11-14-8-15-17-11/h5,8,16H,2-4,6-7H2,1H3,(H,14,15,17)",C12H17N5O3,279,0.89,4.44,4.46,3.58,-20,3.510616060643427,1
OC(=O)[C@H]([NH3+])/C=C/Cc1csc(=N)[nH]1,12/000000010,"InChI=1S/C8H11N3O2S/c9-6(7(12)13)3-1-2-5-4-14-8(10)11-5/h1,3-4,6H,2,9H2,(H2,10,11)(H,12,13)/p+1/b3-1+/t6-/m1/s1",C8H12N3O2S,214,0.37,4.44,9.66,2.22,-150,5.05924033677344,1
OC(=O)c1cc(O)c(cc1C#CCCc1n[nH]c(=S)[nH]1)CC,17/000000269,"InChI=1S/C15H15N3O3S/c1-2-9-7-10(11(14(20)21)8-12(9)19)5-3-4-6-13-16-15(22)18-17-13/h7-8,19H,2,4,6H2,1H3,(H,20,21)(H2,16,17,18,22)",C15H15N3O3S,317,3.2,4.44,-9.02,24.2,-80,3.343160936001385,1
Oc1c(I)nc(cc1)[C@H]([NH3+])S,30/000000215,"InChI=1S/C6H7IN2OS/c7-5-4(10)2-1-3(9-5)6(8)11/h1-2,6,10-11H,8H2/p+1/t6-/m1/s1",C6H8N2OSI,283,1.15,4.43,7.24,10.4,-150,4.674362293158232,1
c1oc(cc1)[C@@H]([NH3+])c1c(=O)[nH][nH]c1C=C,30/000000113,"InChI=1S/C10H11N3O2/c1-2-6-8(10(14)13-12-6)9(11)7-4-3-5-15-7/h2-5,9H,1,11H2,(H2,12,13,14)/p+1/t9-/m1/s1",C10H12N3O2,206,-0.17,4.43,6.34,18.0,-150,4.421887838074923,1
OC(=O)[C@@H](CC#CCc1csc(=N)[nH]1)[NH3+],12/000000011,"InChI=1S/C9H11N3O2S/c10-7(8(13)14)4-2-1-3-6-5-15-9(11)12-6/h5,7H,3-4,10H2,(H2,11,12)(H,13,14)/p+1/t7-/m1/s1",C9H12N3O2S,226,0.49,4.43,11.2,2.47,-150,5.106783656890255,1
Oc1c(I)nc(cc1)[C@@H](c1[nH]ccc1)O,30/000000218,"InChI=1S/C10H9IN2O2/c11-10-8(14)4-3-7(13-10)9(15)6-2-1-5-12-6/h1-5,9,12,14-15H/t9-/m1/s1",C10H9N2O2I,316,1.18,4.43,8.08,2.22,-150,3.7674592666463527,1
Oc1noc(c1/C=C\CNCC)CC/C=C/NCC1=CCOC1=O,3/000000016,"InChI=1S/C17H23N3O4/c1-2-18-10-5-6-14-15(24-20-16(14)21)7-3-4-9-19-12-13-8-11-23-17(13)22/h4-6,8-9,18-19H,2-3,7,10-12H2,1H3,(H,20,21)/b6-5-,9-4+",C17H23N3O4,333,1.59,4.43,-0.54,5.09,-60,3.98373982740139,1
Oc1c(I)nc(cc1)[C@@H](NCCC)N,30/000000342,"InChI=1S/C9H14IN3O/c1-2-5-12-9(11)6-3-4-7(14)8(10)13-6/h3-4,9,12,14H,2,5,11H2,1H3/t9-/m1/s1",C9H14N3OI,307,1.37,4.42,7.78,11.1,-170,3.7344366930487443,1
Oc1nocc1C#CCC(=O)N,25/000000008,"InChI=1S/C7H6N2O3/c8-6(10)3-1-2-5-4-12-9-7(5)11/h4H,3H2,(H2,8,10)(H,9,11)",C7H6N2O3,166,-0.06,4.42,-0.27,17.0,0,3.865203099869376,1
C=C(C1=CCc2c(N1)nc(nc2)C(=O)N)N(=O)=O,25/000000006,"InChI=1S/C10H9N5O3/c1-5(15(17)18)7-3-2-6-4-12-10(8(11)16)14-9(6)13-7/h3-4H,1-2H2,(H2,11,16)(H,12,13,14)",C10H9N5O3,247,0.48,4.41,-1.56,19.8,-80,3.776334107310597,1
Sc1nnc(o1)[C@@H](/C=C/CCNC(=O)C)O,30/000000168,"InChI=1S/C9H13N3O3S/c1-6(13)10-5-3-2-4-7(14)8-11-12-9(16)15-8/h2,4,7,14H,3,5H2,1H3,(H,10,13)(H,12,16)/b4-2+/t7-/m1/s1",C9H13N3O3S,243,0.65,4.41,2.87,3.58,-170,3.9506239238900687,1
O[C@@H](c1nnc(o1)S)C#C/C=C\C(=O)N,30/000000006,"InChI=1S/C8H7N3O3S/c9-6(13)4-2-1-3-5(12)7-10-11-8(15)14-7/h2,4-5,12H,(H2,9,13)(H,11,15)/b4-2-/t5-/m1/s1",C8H7N3O3S,225,-0.02,4.41,4.12,3.58,-150,4.546129247884625,1
OC(=O)Cc1nnc([nH]1)[C@@H](C)c1nnc(o1)S,30/000000055,"InChI=1S/C8H9N5O3S/c1-3(7-12-13-8(17)16-7)6-9-4(10-11-6)2-5(14)15/h3H,2H2,1H3,(H,13,17)(H,14,15)(H,9,10,11)/t3-/m1/s1",C8H9N5O3S,255,1.78,4.41,5.17,23.9,-170,4.185024644576608,1
OC(=O)c1cc(O)c(cc1C#CCCCC)CC,17/000000241,"InChI=1S/C15H18O3/c1-3-5-6-7-8-12-9-11(4-2)14(16)10-13(12)15(17)18/h9-10,16H,3-6H2,1-2H3,(H,17,18)",C15H18O3,246,3.57,4.41,-8.12,15.2,-120,2.536786854563344,1
O[C@@H](c1nc(I)c(cc1)O)c1oc(=S)[nH]n1,30/000000329,"InChI=1S/C8H6IN3O3S/c9-6-4(13)2-1-3(10-6)5(14)7-11-12-8(16)15-7/h1-2,5,13-14H,(H,12,16)/t5-/m0/s1",C8H6N3O3SI,351,1.17,4.4,6.15,2.22,-150,4.119830217596362,1
OC/C=C(/CCc1ncc(cc1Br)OC[C@@H](c1ncsc1)S)\C,3/000000023,"InChI=1S/C16H19BrN2O2S2/c1-11(4-5-20)2-3-14-13(17)6-12(7-18-14)21-8-16(22)15-9-23-10-19-15/h4,6-7,9-10,16,20,22H,2-3,5,8H2,1H3/b11-4+/t16-/m0/s1",C16H19N2O2S2Br,415,2.48,4.4,0.5,3.58,-190,3.944708406023371,1
Oc1cc(c(cc1Br)CCl)[C@@](c1ncncn1)(N)OC,17/000000279,"InChI=1S/C12H12BrClN4O2/c1-20-12(15,11-17-5-16-6-18-11)8-3-10(19)9(13)2-7(8)4-14/h2-3,5-6,19H,4,15H2,1H3/t12-/m1/s1",C12H12N4O2ClBr,359,0.58,4.4,-6.85,16.0,-170,3.969134390786321,1
Oc1cc(O)cc(c1)[C@](CF)(c1nnc[nH]1)O,17/000000136,"InChI=1S/C10H10FN3O3/c11-4-10(17,9-12-5-13-14-9)6-1-7(15)3-8(16)2-6/h1-3,5,15-17H,4H2,(H,12,13,14)/t10-/m1/s1",C10H10N3O3F,239,1.73,4.39,-4.69,17.1,-150,4.042812860615889,1
OC(=O)c1cc(O)c(cc1C(=O)NC)CCCCC(=O)O,17/000000298,"InChI=1S/C14H17NO6/c1-15-13(19)9-6-8(4-2-3-5-12(17)18)11(16)7-10(9)14(20)21/h6-7,16H,2-5H2,1H3,(H,15,19)(H,17,18)(H,20,21)",C14H17NO6,295,0.95,4.39,-5.47,3.58,-90,2.2317386753772244,1
OCc1nccn1CC[NH2+]C[C@@H](c1nonc1)S,3/000000064,"InChI=1S/C10H15N5O2S/c16-7-10-12-2-4-15(10)3-1-11-6-9(18)8-5-13-17-14-8/h2,4-5,9,11,16,18H,1,3,6-7H2/p+1/t9-/m0/s1",C10H16N5O2S,270,0.14,4.38,2.68,2.22,-150,4.950458733597665,1
Oc1c(I)nc(cc1)[C@@H](NCCCl)N,30/000000309,"InChI=1S/C8H11ClIN3O/c9-3-4-12-8(11)5-1-2-6(14)7(10)13-5/h1-2,8,12,14H,3-4,11H2/t8-/m1/s1",C8H11N3OClI,327,1.35,4.38,8.27,12.2,-150,4.0452792031702005,1
OCC#CCn1cnnc1CNOCc1oc(nc1)[C@H](C)Cl,17/000000181,"InChI=1S/C13H16ClN5O3/c1-10(14)13-15-6-11(22-13)8-21-17-7-12-18-16-9-19(12)4-2-3-5-20/h6,9-10,17,20H,4-5,7-8H2,1H3/t10-/m0/s1",C13H16N5O3Cl,325,1.35,4.38,-1.18,3.58,-190,4.125160494040182,1
C=C[C@H](c1cn([nH]c1=O)CBr)N,30/000000029,"InChI=1S/C7H10BrN3O/c1-2-6(9)5-3-11(4-8)10-7(5)12/h2-3,6H,1,4,9H2,(H,10,12)/t6-/m1/s1",C7H10N3OBr,232,-0.34,4.37,6.15,2.35,-150,4.5018677092502735,1
Oc1c(I)nc(cc1)[C@H]([NH3+])C#CCO,30/000000283,"InChI=1S/C9H9IN2O2/c10-9-8(14)4-3-7(12-9)6(11)2-1-5-13/h3-4,6,13-14H,5,11H2/p+1/t6-/m1/s1",C9H10N2O2I,305,0.22,4.37,8.43,13.7,-150,4.639778393453602,1
Oc1c(OC)cc(cc1S(=O)=O)c1c[nH]cc1,17/000000114,"InChI=1S/C11H11NO4S/c1-16-9-4-8(7-2-3-12-6-7)5-10(11(9)13)17(14)15/h2-6,12-13,17H,1H3",C11H11NO4S,253,1.18,4.37,-7.24,17.1,-200,3.4049880221024225,1
OC(=O)c1cc(O)c(cc1C#CCCc1cnn[nH]1)CC,17/000000235,"InChI=1S/C15H15N3O3/c1-2-10-7-11(13(15(20)21)8-14(10)19)5-3-4-6-12-9-16-18-17-12/h7-9,19H,2,4,6H2,1H3,(H,20,21)(H,16,17,18)",C15H15N3O3,285,2.07,4.36,-7.86,23.0,-60,3.364836580014959,1
O[C@H](/C=C/CNC)c1nnc(o1)S,30/000000161,"InChI=1S/C7H11N3O2S/c1-8-4-2-3-5(11)6-9-10-7(13)12-6/h2-3,5,8,11H,4H2,1H3,(H,10,13)/b3-2+/t5-/m1/s1",C7H11N3O2S,201,0.61,4.36,4.34,2.22,-170,4.407158205543569,1
SCc1oc(cc1)[C@@H]([NH3+])c1c(=O)[nH][nH]c1,30/000000084,"InChI=1S/C9H11N3O2S/c10-8(6-3-11-12-9(6)13)7-2-1-5(4-15)14-7/h1-3,8,15H,4,10H2,(H2,11,12,13)/p+1/t8-/m0/s1",C9H12N3O2S,226,-0.32,4.36,3.78,18.9,-150,4.727950475437561,1
S[C@@H](CSc1nnc(o1)C(=O)N)C(=O)OC,25/000000052,"InChI=1S/C7H9N3O4S2/c1-13-6(12)3(15)2-16-7-10-9-5(14-7)4(8)11/h3,15H,2H2,1H3,(H2,8,11)/t3-/m0/s1",C7H9N3O4S2,263,0.57,4.36,-2.17,23.4,-190,3.6604858933159914,1
O[C@H](/C=C/C=C)c1nnc(o1)S,30/000000177,"InChI=1S/C7H8N2O2S/c1-2-3-4-5(10)6-8-9-7(12)11-6/h2-5,10H,1H2,(H,9,12)/b4-3+/t5-/m1/s1",C7H8N2O2S,184,1.28,4.36,5.19,2.22,-150,4.4941663106488745,1
C#CCc1[nH]cc(c1)C(=O)OCC#C[C@H](c1nnc(o1)S)O,30/000000119,"InChI=1S/C14H11N3O4S/c1-2-4-10-7-9(8-15-10)13(19)20-6-3-5-11(18)12-16-17-14(22)21-12/h1,7-8,11,15,18H,4,6H2,(H,17,22)/t11-/m1/s1",C14H11N3O4S,317,1.51,4.35,1.18,3.7,-150,4.378785237039118,1
SCNC/C=C/[C@@H](c1csc(=N)[nH]1)N,12/000000048,"InChI=1S/C8H14N4S2/c9-6(2-1-3-11-5-13)7-4-14-8(10)12-7/h1-2,4,6,11,13H,3,5,9H2,(H2,10,12)/b2-1+/t6-/m0/s1",C8H14N4S2,230,0.77,4.34,10.57,3.58,-150,5.033633360753507,1
OC(=O)c1c(Br)nc(cc1)c1c(C#CCC(=O)N)occ1,25/000000022,"InChI=1S/C14H9BrN2O4/c15-13-9(14(19)20)4-5-10(17-13)8-6-7-21-11(8)2-1-3-12(16)18/h4-7H,3H2,(H2,16,18)(H,19,20)",C14H9N2O4Br,349,1.28,4.34,-3.09,23.5,-140,3.387990570034291,1
Oc1c(Br)ccc(c1)CNCC/C=C\c1csc(=N)[nH]1,17/000000245,"InChI=1S/C14H16BrN3OS/c15-12-5-4-10(7-13(12)19)8-17-6-2-1-3-11-9-20-14(16)18-11/h1,3-5,7,9,17,19H,2,6,8H2,(H2,16,18)/b3-1-",C14H16N3OSBr,354,3.63,4.34,-8.08,3.58,-60,3.3752485889137045,1
N=C1NC[C@@H](C1)Oc1cnc(c(c1S)Br)CC(=O)O,3/000000078,"InChI=1S/C11H12BrN3O3S/c12-10-6(2-9(16)17)14-4-7(11(10)19)18-5-1-8(13)15-3-5/h4-5H,1-3H2,(H2,13,15)(H,14,19)(H,16,17)/t5-/m1/s1",C11H12N3O3SBr,346,1.2,4.34,-2.14,2.48,-150,4.2839839671065985,1
OC(=O)c1cc(O)c(cc1C#CCC)CC,17/000000082,"InChI=1S/C13H14O3/c1-3-5-6-10-7-9(4-2)12(14)8-11(10)13(15)16/h7-8,14H,3-4H2,1-2H3,(H,15,16)",C13H14O3,218,2.85,4.34,-8.04,14.0,-120,2.654559924364431,1
O=C(CC#Cc1occc1CNC(=O)[C@@H](c1nnco1)F)N,25/000000039,"InChI=1S/C13H11FN4O4/c14-11(13-18-17-7-22-13)12(20)16-6-8-4-5-21-9(8)2-1-3-10(15)19/h4-5,7,11H,3,6H2,(H2,15,19)(H,16,20)/t11-/m0/s1",C13H11N4O4F,306,-0.09,4.33,-5.04,5.09,-170,4.206867371034154,1
OC(=O)c1cc(O)c(cc1N1C=NCNC1)CCF,17/000000067,"InChI=1S/C12H14FN3O3/c13-2-1-8-3-10(16-6-14-5-15-7-16)9(12(18)19)4-11(8)17/h3-4,6,15,17H,1-2,5,7H2,(H,18,19)",C12H14N3O3F,267,1.76,4.33,-6.48,18.6,-200,3.6089052570223403,1
Oc1cc(cc(c1Br)CN(=O)=O)CNCCC=C,17/000000273,"InChI=1S/C12H15BrN2O3/c1-2-3-4-14-7-9-5-10(8-15(17)18)12(13)11(16)6-9/h2,5-6,14,16H,1,3-4,7-8H2",C12H15N2O3Br,315,2.22,4.33,-6.75,2.48,-40,3.0782364620986655,1
Oc1[nH]ncc1C#CCC(=O)N,25/000000010,"InChI=1S/C7H7N3O2/c8-6(11)3-1-2-5-4-9-10-7(5)12/h4H,3H2,(H2,8,11)(H2,9,10,12)",C7H7N3O2,165,0.15,4.33,0.13,17.2,0,3.656524778191055,1
ONC(=O)[C@@H](CCOC(=O)C)c1ccc(c(c1)O)CCl,17/000000230,"InChI=1S/C13H16ClNO5/c1-8(16)20-5-4-11(13(18)15-19)9-2-3-10(7-14)12(17)6-9/h2-3,6,11,17,19H,4-5,7H2,1H3,(H,15,18)/t11-/m0/s1",C13H16NO5Cl,301,1.04,4.32,-3.31,3.58,-170,3.160859891951823,1
OC(=O)c1nc(I)c(cc1O)O,30/000000209,"InChI=1S/C6H4INO4/c7-5-3(10)1-2(9)4(8-5)6(11)12/h1,9-10H,(H,11,12)",C6H4NO4I,281,0.82,4.32,8.35,2.47,0,3.0152472686038667,1
Sc1nnc(o1)[C@H](C)c1nnc([nH]1)C[NH3+],30/000000074,"InChI=1S/C7H10N6OS/c1-3(6-12-13-7(15)14-6)5-9-4(2-8)10-11-5/h3H,2,8H2,1H3,(H,13,15)(H,9,10,11)/p+1/t3-/m1/s1",C7H11N6OS,227,1.48,4.32,4.89,21.3,-170,5.0054735523606375,1
OC(=O)[C@H](/C=C/Cc1csc(=N)[nH]1)ON,12/000000034,"InChI=1S/C8H11N3O3S/c9-8-11-5(4-15-8)2-1-3-6(14-10)7(12)13/h1,3-4,6H,2,10H2,(H2,9,11)(H,12,13)/b3-1+/t6-/m0/s1",C8H11N3O3S,229,-0.07,4.32,11.01,2.22,-150,4.6637573904737435,1
c1[nH]nnc1C(=O)NCc1nc(nc(c1)/C(=C/C)/C)CC,3/000000119,"InChI=1S/C14H18N6O/c1-4-9(3)11-6-10(17-13(5-2)18-11)7-15-14(21)12-8-16-20-19-12/h4,6,8H,5,7H2,1-3H3,(H,15,21)(H,16,19,20)/b9-4+",C14H18N6O,286,0.65,4.31,-4.27,22.0,-180,3.4045234118272143,1
OCC(=O)Nc1ccc(cc1CS)OC,15/000000001,"InChI=1S/C10H13NO3S/c1-14-8-2-3-9(7(4-8)6-15)11-10(13)5-12/h2-4,12,15H,5-6H2,1H3,(H,11,13)",C10H13NO3S,227,0.52,4.3,-7.31,3.58,-80,2.257875707922116,1
C=C(CC)c1nnc([nH]1)CNOCc1oc(nc1)CC,17/000000164,"InChI=1S/C13H19N5O2/c1-4-9(3)13-16-11(17-18-13)7-15-19-8-10-6-14-12(5-2)20-10/h6,15H,3-5,7-8H2,1-2H3,(H,16,17,18)",C13H19N5O2,277,2.08,4.3,0.14,23.5,-80,3.8585619492375915,1
Sc1nnc(o1)[C@@H](C(=O)OCc1nocc1CCC)N,30/000000138,"InChI=1S/C11H14N4O4S/c1-2-3-6-4-18-15-7(6)5-17-10(16)8(12)9-13-14-11(20)19-9/h4,8H,2-3,5,12H2,1H3,(H,14,20)/t8-/m0/s1",C11H14N4O4S,298,1.13,4.3,0.02,2.35,-170,4.019663097080027,1
c1ccc(cc1)c1nc(c[nH]1)C(=O)N,25/000000004,"InChI=1S/C10H9N3O/c11-9(14)8-6-12-10(13-8)7-4-2-1-3-5-7/h1-6H,(H2,11,14)(H,12,13)",C10H9N3O,187,1.13,4.3,-1.37,13.3,-120,2.40546827799983,1
Sc1nnc(o1)[C@@H](C#CCOC(=O)c1c[nH]c(c1)C)O,30/000000108,"InChI=1S/C12H11N3O4S/c1-7-5-8(6-13-7)11(17)18-4-2-3-9(16)10-14-15-12(20)19-10/h5-6,9,13,16H,4H2,1H3,(H,15,20)/t9-/m1/s1",C12H11N3O4S,293,1.42,4.3,2.47,3.58,-170,4.105215020156951,1
Oc1c(I)nc(cc1)[C@@H](C1=CCN=C1)N,30/000000245,"InChI=1S/C10H10IN3O/c11-10-8(15)2-1-7(14-10)9(12)6-3-4-13-5-6/h1-3,5,9,15H,4,12H2/t9-/m1/s1",C10H10N3OI,315,0.13,4.29,8.4,14.7,-150,4.448544980932065,1
OC(=O)N1CC[C@H](C1)CCCNCN,13/000000001,"InChI=1S/C9H19N3O2/c10-7-11-4-1-2-8-3-5-12(6-8)9(13)14/h8,11H,1-7,10H2,(H,13,14)/t8-/m1/s1",C9H19N3O2,201,-0.23,4.29,0.57,3.58,-150,2.9942901654872376,1
O[C@H](C/C=C\C=C\N(=O)=O)c1nn[nH]c1,10/000000008,"InChI=1S/C8H10N4O3/c13-8(7-6-9-11-10-7)4-2-1-3-5-12(14)15/h1-3,5-6,8,13H,4H2,(H,9,10,11)/b2-1-,5-3+/t8-/m1/s1",C8H10N4O3,210,0.09,4.28,0.22,2.22,-150,4.600569156756243,1
OC(=O)[C@H](/C=C\CS)c1nnc(o1)S,30/000000112,"InChI=1S/C7H8N2O3S2/c10-6(11)4(2-1-3-13)5-8-9-7(14)12-5/h1-2,4,13H,3H2,(H,9,14)(H,10,11)/b2-1-/t4-/m1/s1",C7H8N2O3S2,232,1.79,4.28,7.43,3.85,-150,4.586335883332144,1
C=C[C@H](c1nnc([nH]1)CBr)NOCc1ocnc1,17/000000208,"InChI=1S/C10H12BrN5O2/c1-2-8(10-13-9(3-11)14-15-10)16-18-5-7-4-12-6-17-7/h2,4,6,8,16H,1,3,5H2,(H,13,14,15)/t8-/m1/s1",C10H12N5O2Br,314,1.95,4.28,-0.85,22.5,-150,4.588818496911274,1
Sc1nnc(o1)[C@@H](CCOCC(=C)CON)C,18/000000003,"InChI=1S/C10H17N3O3S/c1-7(6-15-11)5-14-4-3-8(2)9-12-13-10(17)16-9/h8H,1,3-6,11H2,2H3,(H,13,17)/t8-/m1/s1",C10H17N3O3S,259,0.77,4.27,1.19,3.58,-170,4.15455426814453,1
Oc1c(I)nc(cc1)CC#C[C@H]1C=C(CO)CCC1,30/000000296,"InChI=1S/C15H16INO2/c16-15-14(19)8-7-13(17-15)6-2-4-11-3-1-5-12(9-11)10-18/h7-9,11,18-19H,1,3,5-6,10H2/t11-/m0/s1",C15H16NO2I,369,2.0,4.27,6.75,17.3,-150,4.275813552905415,1
Sc1nnc(o1)[C@@H](C(=O)OCCCN)N,30/000000003,"InChI=1S/C7H12N4O3S/c8-2-1-3-13-6(12)4(9)5-10-11-7(15)14-5/h4H,1-3,8-9H2,(H,11,15)/t4-/m0/s1",C7H12N4O3S,232,-0.39,4.27,3.78,2.35,-150,3.742886846383688,1
OC(=O)[C@H](C[NH3+])c1nnc(o1)S,30/000000012,"InChI=1S/C5H7N3O3S/c6-1-2(4(9)10)3-7-8-5(12)11-3/h2H,1,6H2,(H,8,12)(H,9,10)/p+1/t2-/m1/s1",C5H8N3O3S,190,-0.22,4.27,7.75,2.35,-150,4.683819151557966,1
O[C@@H](c1nnc(o1)S)C#CCOC(=O)n1cccc1,30/000000038,"InChI=1S/C11H9N3O4S/c15-8(9-12-13-10(19)18-9)4-3-7-17-11(16)14-5-1-2-6-14/h1-2,5-6,8,15H,7H2,(H,13,19)/t8-/m1/s1",C11H9N3O4S,279,0.87,4.27,2.0,3.58,-150,4.1461699631618245,1
Oc1c(I)nc(cc1)CC#C[C@H]1C=C(C(=O)O)CCC1,30/000000200,"InChI=1S/C15H14INO3/c16-14-13(18)8-7-12(17-14)6-2-4-10-3-1-5-11(9-10)15(19)20/h7-10,18H,1,3,5-6H2,(H,19,20)/t10-/m0/s1",C15H13NO3I,382,1.95,4.27,6.46,19.5,-150,4.1840565036734345,1
O[C@@H](c1nnc(o1)S)C#CCOC(=O)c1c(C=S)[nH]cc1,30/000000105,"InChI=1S/C12H9N3O4S2/c16-9(10-14-15-12(21)19-10)2-1-5-18-11(17)7-3-4-13-8(7)6-20/h3-4,6,9,13,16H,5H2,(H,15,21)/t9-/m1/s1",C12H9N3O4S2,323,1.14,4.27,-0.24,3.58,-150,4.466799624858698,1
C(=C\CCC)/c1nnc([nH]1)CNOCc1oc(nc1)CC,17/000000139,"InChI=1S/C14H21N5O2/c1-3-5-6-7-12-17-13(19-18-12)9-16-20-10-11-8-15-14(4-2)21-11/h6-8,16H,3-5,9-10H2,1-2H3,(H,17,18,19)/b7-6+",C14H21N5O2,291,2.6,4.27,-2.05,3.58,-140,3.7045283619201888,1
N(C(=O)N[C@@H](CSc1ccc(cc1)Br)CBr)C1=NCC(=O)N1,9/000000023,"InChI=1S/C13H14Br2N4O2S/c14-5-9(7-22-10-3-1-8(15)2-4-10)17-13(21)19-12-16-6-11(20)18-12/h1-4,9H,5-7H2,(H3,16,17,18,19,20,21)/t9-/m1/s1",C13H14N4O2SBr2,450,2.48,4.27,-5.11,3.58,-150,3.5031678673120714,1
OC(=O)c1cc(O)c(cc1C#CCCC=C)CC,17/000000255,"InChI=1S/C15H16O3/c1-3-5-6-7-8-12-9-11(4-2)14(16)10-13(12)15(17)18/h3,9-10,16H,1,4-6H2,2H3,(H,17,18)",C15H16O3,244,3.2,4.27,-7.85,16.2,-60,2.809168958174018,1
c1ccccc1C[C@H](NC1=NCC(=O)N1)c1oncc1,9/000000020,"InChI=1S/C14H14N4O2/c19-13-9-15-14(18-13)17-11(12-6-7-16-20-12)8-10-4-2-1-3-5-10/h1-7,11H,8-9H2,(H2,15,17,18,19)/t11-/m0/s1",C14H14N4O2,270,1.22,4.27,-0.27,3.58,-150,3.3852332079014094,1
Oc1c(I)nc(cc1)C(N)N,30/000000197,"InChI=1S/C6H8IN3O/c7-5-4(11)2-1-3(10-5)6(8)9/h1-2,6,11H,8-9H2",C6H8N3OI,265,0.2,4.26,7.2,9.3,-150,3.4748332275439147,1
O[C@H](c1nn[nH]c1)c1nnc(o1)S,30/000000051,"InChI=1S/C5H5N5O2S/c11-3(2-1-6-10-7-2)4-8-9-5(13)12-4/h1,3,11H,(H,9,13)(H,6,7,10)/t3-/m1/s1",C5H5N5O2S,199,0.19,4.26,5.23,2.22,-150,4.6253369997223635,1
OC(=O)c1ccc(c(c1)O)CCCC(=O)O,17/000000052,"InChI=1S/C11H12O5/c12-9-6-8(11(15)16)5-4-7(9)2-1-3-10(13)14/h4-6,12H,1-3H2,(H,13,14)(H,15,16)",C11H12O5,224,1.19,4.26,-5.78,2.22,-40,1.8907062571014617,1
Oc1cc(O)c(nc1CCN)I,30/000000277,"InChI=1S/C7H9IN2O2/c8-7-6(12)3-5(11)4(10-7)1-2-9/h3,11-12H,1-2,9H2",C7H9N2O2I,280,0.48,4.26,6.37,9.7,0,3.283464157561684,1
OC(=O)c1ccc(c(c1)S)O,12/000000043,"InChI=1S/C7H6O3S/c8-5-2-1-4(7(9)10)3-6(5)11/h1-3,8,11H,(H,9,10)",C7H6O3S,170,1.61,4.25,7.52,1.11,0,2.3336380020797236,1
S[C@H](COC(=O)CCCN)c1nc(I)c(cc1)O,30/000000288,"InChI=1S/C11H15IN2O3S/c12-11-8(15)4-3-7(14-11)9(18)6-17-10(16)2-1-5-13/h3-4,9,15,18H,1-2,5-6,13H2/t9-/m1/s1",C11H15N2O3SI,382,1.29,4.25,4.21,4.94,-150,3.6958503650431416,1
Sc1c(Br)c(ncc1O)[C@H](C=C)ON,3/000000044,"InChI=1S/C8H9BrN2O2S/c1-2-5(13-10)7-6(9)8(14)4(12)3-11-7/h2-3,5,12H,1,10H2,(H,11,14)/t5-/m0/s1",C8H9N2O2SBr,277,0.79,4.25,-7.18,3.98,-190,4.490345402973243,1
Oc1c(I)nc(cc1)CCC[C@H]1N(C1)CC#CCO,30/000000333,"InChI=1S/C14H17IN2O2/c15-14-13(19)7-6-11(16-14)4-3-5-12-10-17(12)8-1-2-9-18/h6-7,12,18-19H,3-5,8-10H2/t12-,17-/m1/s1",C14H17N2O2I,372,1.68,4.25,8.99,3.58,-150,4.04972965518764,1
Oc1ccc(cc1N=O)[C@H](CNNC)Br,17/000000232,"InChI=1S/C9H12BrN3O2/c1-11-12-5-7(10)6-2-3-9(14)8(4-6)13-15/h2-4,7,11-12,14H,5H2,1H3/t7-/m0/s1",C9H12N3O2Br,274,2.2,4.25,-8.19,14.1,-170,3.891479716927779,1
O=C(COCc1nnc([nH]1)C/C=C\C=C\[C@@H]1NCC1)N,17/000000185,"InChI=1S/C13H19N5O2/c14-11(19)8-20-9-13-16-12(17-18-13)5-3-1-2-4-10-6-7-15-10/h1-4,10,15H,5-9H2,(H2,14,19)(H,16,17,18)/b3-1-,4-2+/t10-/m0/s1",C13H19N5O2,277,0.21,4.24,1.03,3.58,-150,4.163097408820918,1
Sc1nnc(o1)c1ccc(c(c1)CCl)O,17/000000062,"InChI=1S/C9H7ClN2O2S/c10-4-6-3-5(1-2-7(6)13)8-11-12-9(15)14-8/h1-3,13H,4H2,(H,12,15)",C9H7N2O2SCl,242,3.34,4.24,-7.97,17.2,-180,2.7980649869357848,1
SC(c1oc(cc1)C(=O)N)(F)F,25/000000048,"InChI=1S/C6H5F2NO2S/c7-6(8,12)4-2-1-3(11-4)5(9)10/h1-2,12H,(H2,9,10)",C6H5NO2SF2,193,0.18,4.24,1.28,18.3,-150,3.2412388318793006,1
Oc1cc(ccc1CS(=O)(=O)C)[C@H](c1nnn[nH]1)S,17/000000107,"InChI=1S/C10H12N4O3S2/c1-19(16,17)5-7-3-2-6(4-8(7)15)9(18)10-11-13-14-12-10/h2-4,9,15,18H,5H2,1H3,(H,11,12,13,14)/t9-/m1/s1",C10H12N4O3S2,300,0.19,4.24,-0.32,22.9,-190,3.6631783458048215,1
O[C@@H](c1nc(I)c(cc1)O)c1nncs1,30/000000293,"InChI=1S/C8H6IN3O2S/c9-7-5(13)2-1-4(11-7)6(14)8-12-10-3-15-8/h1-3,6,13-14H/t6-/m0/s1",C8H6N3O2SI,335,1.67,4.24,8.15,2.22,-150,3.966438387525474,1
Sc1nnc(o1)c1ccc(c(c1)Br)O,17/000000021,"InChI=1S/C8H5BrN2O2S/c9-5-3-4(1-2-6(5)12)7-10-11-8(14)13-7/h1-3,12H,(H,11,14)",C8H5N2O2SBr,273,3.67,4.23,-7.38,16.6,-180,2.7244936034436176,1
S[C@H](Cc1ccccc1C(=O)O)NC1=NCC(=O)N1,9/000000014,"InChI=1S/C12H13N3O3S/c16-9-6-13-12(14-9)15-10(19)5-7-3-1-2-4-8(7)11(17)18/h1-4,10,19H,5-6H2,(H,17,18)(H2,13,14,15,16)/t10-/m1/s1",C12H12N3O3S,278,0.2,4.23,-2.25,3.58,-150,3.4871920724990293,1
S[C@H](n1nncc1)c1nc(I)c(cc1)O,30/000000230,"InChI=1S/C8H7IN4OS/c9-7-6(14)2-1-5(11-7)8(15)13-4-3-10-12-13/h1-4,8,14-15H/t8-/m0/s1",C8H7N4OSI,334,1.3,4.23,9.03,18.0,-150,4.243582343569431,1
C=C[C@@H](c1nnc([nH]1)CBr)NOCc1ocnc1,17/000000204,"InChI=1S/C10H12BrN5O2/c1-2-8(10-13-9(3-11)14-15-10)16-18-5-7-4-12-6-17-7/h2,4,6,8,16H,1,3,5H2,(H,13,14,15)/t8-/m0/s1",C10H12N5O2Br,314,1.95,4.22,-0.31,22.5,-150,4.588818496911274,1
N(Cc1nnc([nH]1)/C=C/C=C)OCc1oc(nc1)CC,17/000000168,"InChI=1S/C13H17N5O2/c1-3-5-6-11-16-12(18-17-11)8-15-19-9-10-7-14-13(4-2)20-10/h3,5-7,15H,1,4,8-9H2,2H3,(H,16,17,18)/b6-5+",C13H17N5O2,275,1.95,4.22,0.2,3.58,-40,3.93187574234104,1
C=C[C@H]1N=C(NC1=O)Nc1cccc(c1)SCC(=O)OC,9/000000010,"InChI=1S/C14H15N3O3S/c1-3-11-13(19)17-14(16-11)15-9-5-4-6-10(7-9)21-8-12(18)20-2/h3-7,11H,1,8H2,2H3,(H2,15,16,17,19)/t11-/m1/s1",C14H15N3O3S,305,1.54,4.22,-0.33,21.6,-170,3.3474929755757783,1
OC(=O)c1c(c2coccc2=O)cc(c(c1)O)CC,17/000000227,"InChI=1S/C14H12O5/c1-2-8-5-9(10(14(17)18)6-13(8)16)11-7-19-4-3-12(11)15/h3-7,16H,2H2,1H3,(H,17,18)",C14H12O5,260,1.87,4.22,-7.12,3.58,-200,2.6432264583174163,1
OC(=O)CCCSc1nnc(o1)C(N)N,30/000000053,"InChI=1S/C7H12N4O3S/c8-5(9)6-10-11-7(14-6)15-3-1-2-4(12)13/h5H,1-3,8-9H2,(H,12,13)",C7H12N4O3S,232,0.12,4.21,9.37,20.1,-150,2.839944375839563,1
S[C@@H](c1nc(I)c(cc1)O)c1nscn1,30/000000319,"InChI=1S/C8H6IN3OS2/c9-7-5(13)2-1-4(11-7)6(14)8-10-3-15-12-8/h1-3,6,13-14H/t6-/m0/s1",C8H6N3OS2I,351,1.91,4.21,8.96,19.1,-150,4.529653772140858,1
OC(=O)[C@H](/C=C\CCCCC)c1nnc(o1)S,30/000000158,"InChI=1S/C11H16N2O3S/c1-2-3-4-5-6-7-8(10(14)15)9-12-13-11(17)16-9/h6-8H,2-5H2,1H3,(H,13,17)(H,14,15)/b7-6-/t8-/m1/s1",C11H16N2O3S,256,2.98,4.21,6.08,3.85,-170,3.7564243172443668,1
OCc1cccc(c1)c1scc(c1)C(=O)N,25/000000030,"InChI=1S/C12H11NO2S/c13-12(15)10-5-11(16-7-10)9-3-1-2-8(4-9)6-14/h1-5,7,14H,6H2,(H2,13,15)",C12H11NO2S,233,0.98,4.21,-0.49,2.22,-120,2.197588475348333,1
O[C@H](c1nonc1)c1nc(I)c(cc1)O,30/000000299,"InChI=1S/C8H6IN3O3/c9-8-6(13)2-1-4(11-8)7(14)5-3-10-15-12-5/h1-3,7,13-14H/t7-/m0/s1",C8H6N3O3I,319,1.38,4.21,7.82,2.22,-150,4.201855969943056,1
OC(=O)c1cc(O)c(cc1C1=CC=CCC1)CC,17/000000095,"InChI=1S/C15H16O3/c1-2-10-8-12(11-6-4-3-5-7-11)13(15(17)18)9-14(10)16/h3-4,6,8-9,16H,2,5,7H2,1H3,(H,17,18)",C15H16O3,244,2.4,4.21,-7.31,3.58,-200,2.70062127214576,1
S[C@H](c1cnc[nH]1)c1nc(I)c(cc1)O,30/000000203,"InChI=1S/C9H8IN3OS/c10-9-7(14)2-1-5(13-9)8(15)6-3-11-4-12-6/h1-4,8,14-15H,(H,11,12)/t8-/m0/s1",C9H8N3OSI,333,1.42,4.21,8.67,15.7,-150,4.077398827085912,1
Oc1c(F)cc(c(c1)CN)[C@@H](c1cccc(c1)N(=O)=O)C#CC,17/000000009,"InChI=1S/C17H15FN2O3/c1-2-4-14(11-5-3-6-13(7-11)20(22)23)15-9-16(18)17(21)8-12(15)10-19/h3,5-9,14,21H,10,19H2,1H3/t14-/m1/s1",C17H15N2O3F,314,3.16,4.21,-7.82,21.5,-178,3.4449263603767077,1
OC(=O)CCC#Cc1c(C(=O)O)cc(c(c1)CC)O,17/000000246,"InChI=1S/C14H14O5/c1-2-9-7-10(5-3-4-6-13(16)17)11(14(18)19)8-12(9)15/h7-8,15H,2,4,6H2,1H3,(H,16,17)(H,18,19)",C14H14O5,262,1.97,4.2,-8.52,18.0,-60,2.6180824276874137,1
S[C@H](Cc1ccccc1CN(=O)=O)NC1=NCC(=O)N1,9/000000026,"InChI=1S/C12H14N4O3S/c17-10-6-13-12(14-10)15-11(20)5-8-3-1-2-4-9(8)7-16(18)19/h1-4,11,20H,5-7H2,(H2,13,14,15,17)/t11-/m1/s1",C12H14N4O3S,294,0.55,4.2,-3.26,2.35,-190,3.8984474377393674,1
NNCCC/C=C/Cc1cnc(c(c1)Br)c1n[nH]c(=O)[nH]1,2/000000003,"InChI=1S/C13H17BrN6O/c14-10-7-9(5-3-1-2-4-6-17-15)8-16-11(10)12-18-13(21)20-19-12/h1,3,7-8,17H,2,4-6,15H2,(H2,18,19,20,21)/b3-1+",C13H17N6OBr,353,1.58,4.2,-0.65,20.8,-160,3.4776643896629382,1
c1ncc(o1)CON[C@H](CC#CC)c1nnc[nH]1,17/000000134,"InChI=1S/C11H13N5O2/c1-2-3-4-10(11-13-7-14-15-11)16-18-6-9-5-12-8-17-9/h5,7-8,10,16H,4,6H2,1H3,(H,13,14,15)/t10-/m1/s1",C11H13N5O2,247,1.58,4.2,-0.78,3.58,-190,4.482894113747267,1
OC(=O)c1cc(Br)nc(c1)[C@H](c1nscc1)N,20/000000001,"InChI=1S/C10H8BrN3O2S/c11-8-4-5(10(15)16)3-7(13-8)9(12)6-1-2-17-14-6/h1-4,9H,12H2,(H,15,16)/t9-/m0/s1",C10H8N3O2SBr,314,0.95,4.2,-3.26,19.4,-170,3.8488400291919938,1
Oc1c(I)cc(c(c1)S(=O)(=O)O)C(=C)N(=O)=O,17/000000228,"InChI=1S/C8H6INO6S/c1-4(10(12)13)5-2-6(9)7(11)3-8(5)17(14,15)16/h2-3,11H,1H2,(H,14,15,16)",C8H6NO6SI,371,1.94,4.2,-6.74,2.35,0,3.2466977088530786,1
Sc1nnc(o1)[C@@H](CC#CCS)O,30/000000104,"InChI=1S/C7H8N2O2S2/c10-5(3-1-2-4-12)6-8-9-7(13)11-6/h5,10,12H,3-4H2,(H,9,13)/t5-/m1/s1",C7H8N2O2S2,216,1.59,4.19,2.65,2.22,-150,4.667535128620492,1
Sc1c(O[C@@H]2C=CCC2)cnc(c1Br)CC[NH3+],3/000000054,"InChI=1S/C12H15BrN2OS/c13-11-9(5-6-14)15-7-10(12(11)17)16-8-3-1-2-4-8/h1,3,7-8H,2,4-6,14H2,(H,15,17)/p+1/t8-/m1/s1",C12H16N2OSBr,316,2.24,4.19,-3.12,3.72,-170,4.631744652759915,1
ONC/C=C/CC[C@H](CO)c1c(Br)ccc(c1)O,6/000000001,"InChI=1S/C13H18BrNO3/c14-13-6-5-11(17)8-12(13)10(9-16)4-2-1-3-7-15-18/h1,3,5-6,8,10,15-18H,2,4,7,9H2/b3-1+/t10-/m1/s1",C13H18NO3Br,316,2.31,4.19,-2.72,3.72,-150,3.589192650757427,1
O[C@@H](c1nnc(o1)S)C#CCOC(=O)c1cc[nH]c1CNC,30/000000140,"InChI=1S/C13H14N4O4S/c1-14-7-9-8(4-5-15-9)12(19)20-6-2-3-10(18)11-16-17-13(22)21-11/h4-5,10,14-15,18H,6-7H2,1H3,(H,17,22)/t10-/m1/s1",C13H14N4O4S,322,0.7,4.19,0.23,4.94,-190,4.221383500066414,1
SCCc1ccccc1C[C@H](NC1=NCC(=O)N1)S,9/000000027,"InChI=1S/C13H17N3OS2/c17-11-8-14-13(15-11)16-12(19)7-10-4-2-1-3-9(10)5-6-18/h1-4,12,18-19H,5-8H2,(H2,14,15,16,17)/t12-/m1/s1",C13H17N3OS2,295,1.75,4.19,-1.68,3.58,-150,3.8560571426490045,1
C1=CNc2c(C1)cnc(n2)C(=O)N,25/000000001,"InChI=1S/C8H8N4O/c9-6(13)8-11-4-5-2-1-3-10-7(5)12-8/h1,3-4H,2H2,(H2,9,13)(H,10,11,12)",C8H8N4O,176,-0.27,4.19,0.79,12.4,-80,3.5464518082208834,1
Sc1nc2ccccc2c(c1)N(CCCNCN)c1nncs1,14/000000001,"InChI=1S/C15H18N6S2/c16-9-17-6-3-7-21(15-20-18-10-23-15)13-8-14(22)19-12-5-2-1-4-11(12)13/h1-2,4-5,8,10,17H,3,6-7,9,16H2,(H,19,22)",C15H18N6S2,346,3.36,4.18,-7.22,23.3,-80,3.3347992448452457,1
Oc1c(O)cc(cc1S)F,12/000000009,"InChI=1S/C6H5FO2S/c7-3-1-4(8)6(9)5(10)2-3/h1-2,8-10H",C6H5O2SF,160,1.75,4.18,6.13,1.0,0,2.893782976142969,1
OC(=O)c1cc(O)c(c(c1)c1nnco1)CCF,17/000000048,"InChI=1S/C11H9FN2O4/c12-2-1-7-8(10-14-13-5-18-10)3-6(11(16)17)4-9(7)15/h3-5,15H,1-2H2,(H,16,17)",C11H9N2O4F,252,2.79,4.18,-6.07,20.3,-180,2.996314195222684,1
OC(=O)c1c(O)ccc(c1)NC(=O)CNCCc1nn[nH]c1,10/000000015,"InChI=1S/C13H15N5O4/c19-11-2-1-8(5-10(11)13(21)22)16-12(20)7-14-4-3-9-6-15-18-17-9/h1-2,5-6,14,19H,3-4,7H2,(H,16,20)(H,21,22)(H,15,17,18)",C13H15N5O4,305,-0.28,4.18,-1.47,3.58,-60,2.6614119427946967,1
ON[C@H](c1nc(I)c(cc1)O)S,30/000000308,"InChI=1S/C6H7IN2O2S/c7-5-4(10)2-1-3(8-5)6(12)9-11/h1-2,6,9-12H/t6-/m0/s1",C6H7N2O2SI,298,1.48,4.18,8.17,11.6,-150,4.347123959250274,1
Oc1c(I)nc(cc1)[C@@H](C1=CC=CCC1)N,30/000000322,"InChI=1S/C12H13IN2O/c13-12-10(16)7-6-9(15-12)11(14)8-4-2-1-3-5-8/h1-2,4,6-7,11,16H,3,5,14H2/t11-/m1/s1",C12H13N2OI,328,1.1,4.18,8.43,13.9,-150,3.9589592385753827,1
N(Cc1nnc[nH]1)OCc1oc(nc1)[C@H](C)Cl,17/000000127,"InChI=1S/C9H12ClN5O2/c1-6(10)9-11-2-7(17-9)4-16-14-3-8-12-5-13-15-8/h2,5-6,14H,3-4H2,1H3,(H,12,13,15)/t6-/m0/s1",C9H12N5O2Cl,257,1.43,4.17,4.15,2.22,-170,4.317978443968707,1
C=CC(=O)OC[C@@H](c1nnc[nH]1)NOCc1oc(nc1)CC,17/000000137,"InChI=1S/C13H17N5O4/c1-3-11-14-5-9(22-11)6-21-18-10(7-20-12(19)4-2)13-15-8-16-17-13/h4-5,8,10,18H,2-3,6-7H2,1H3,(H,15,16,17)/t10-/m0/s1",C13H17N5O4,307,1.58,4.17,-1.28,3.58,-190,4.168303351183038,1
O[C@@H](c1nc(I)c(cc1)O)c1nscn1,30/000000213,"InChI=1S/C8H6IN3O2S/c9-7-5(13)2-1-4(11-7)6(14)8-10-3-15-12-8/h1-3,6,13-14H/t6-/m0/s1",C8H6N3O2SI,335,0.82,4.17,7.83,2.22,-150,4.277149376536462,1
Sc1nc2ccccc2c(c1)N(CCNCC)c1nncs1,14/000000004,"InChI=1S/C15H17N5S2/c1-2-16-7-8-20(15-19-17-10-22-15)13-9-14(21)18-12-6-4-3-5-11(12)13/h3-6,9-10,16H,2,7-8H2,1H3,(H,18,21)",C15H17N5S2,331,4.06,4.17,-8.06,21.9,-100,3.185301482186757,1
N([C@@H](CBr)c1nnc([nH]1)CBr)OCc1ocnc1,17/000000178,"InChI=1S/C9H11Br2N5O2/c10-1-7(9-13-8(2-11)14-15-9)16-18-4-6-3-12-5-17-6/h3,5,7,16H,1-2,4H2,(H,13,14,15)/t7-/m0/s1",C9H11N5O2Br2,381,2.68,4.17,-2.51,22.6,-150,4.542045124130208,1
Sc1nc2ccccc2c(c1)C(=O)CNN,14/000000010,"InChI=1S/C11H11N3OS/c12-13-6-10(15)8-5-11(16)14-9-4-2-1-3-7(8)9/h1-5,13H,6,12H2,(H,14,16)",C11H11N3OS,233,1.1,4.17,-7.82,2.35,-80,2.8519884753483318,1
O[C@H](COC(=O)Cc1nn[nH]c1)c1snc(n1)CCSCC,10/000000016,"InChI=1S/C12H17N5O3S2/c1-2-21-4-3-10-14-12(22-16-10)9(18)7-20-11(19)5-8-6-13-17-15-8/h6,9,18H,2-5,7H2,1H3,(H,13,15,17)/t9-/m1/s1",C12H17N5O3S2,343,0.48,4.17,-2.72,5.09,-190,4.13445280173249,1
O=C(Cc1nn[nH]c1)OCc1cc(Cl)c(c(c1)Cl)C(=O)N,10/000000003,"InChI=1S/C12H10Cl2N4O3/c13-8-1-6(2-9(14)11(8)12(15)20)5-21-10(19)3-7-4-16-18-17-7/h1-2,4H,3,5H2,(H2,15,20)(H,16,17,18)",C12H10N4O3Cl2,328,1.7,4.16,-3.26,2.35,-20,2.9487094029255374,1
Sc1nnc(o1)CC(=O)Nc1ccc2c(c1C)CCCC2,30/000000010,"InChI=1S/C15H17N3O2S/c1-9-11-5-3-2-4-10(11)6-7-12(9)16-13(19)8-14-17-18-15(21)20-14/h6-7H,2-5,8H2,1H3,(H,16,19)(H,18,21)",C15H17N3O2S,303,2.96,4.16,0.07,3.58,-120,2.696028235816785,1
Sc1nnc(o1)[C@@H](/C=C/COCCS)O,30/000000117,"InChI=1S/C8H12N2O3S2/c11-6(2-1-3-12-4-5-14)7-9-10-8(15)13-7/h1-2,6,11,14H,3-5H2,(H,10,15)/b2-1+/t6-/m1/s1",C8H12N2O3S2,248,1.47,4.15,1.53,3.58,-150,4.416266958954045,1
OCC/C=C/[C@H](c1nnc(o1)S)C(=O)O,30/000000128,"InChI=1S/C8H10N2O4S/c11-4-2-1-3-5(7(12)13)6-9-10-8(15)14-6/h1,3,5,11H,2,4H2,(H,10,15)(H,12,13)/b3-1+/t5-/m1/s1",C8H10N2O4S,230,0.77,4.15,5.79,3.85,-150,4.139954013363051,1
C1=N[C@@H](CO1)/C=C/1\NC(=O)N(C1=O)CC#CC1=CNCS1,17/000000016,"InChI=1S/C13H12N4O3S/c18-12-11(4-9-6-20-7-15-9)16-13(19)17(12)3-1-2-10-5-14-8-21-10/h4-5,7,9,14H,3,6,8H2,(H,16,19)/b11-4-/t9-/m1/s1",C13H12N4O3S,304,-0.15,4.15,0.67,3.58,-170,5.078573677480154,1
c1nc2oncc2c(n1)/C=C/CN1C=C[C@@H](CC1=O)NNCN,1/000000001,"InChI=1S/C14H17N7O2/c15-8-18-20-10-3-5-21(13(22)6-10)4-1-2-12-11-7-19-23-14(11)17-9-16-12/h1-3,5,7,9-10,18,20H,4,6,8,15H2/b2-1+/t10-/m0/s1",C14H17N7O2,315,0.66,4.15,7.76,5.21,-190,4.6303592618036395,1
OC(=O)c1cc(Br)c(cc1[C@H](CC)CS)O,17/000000088,"InChI=1S/C11H13BrO3S/c1-2-6(5-16)7-4-10(13)9(12)3-8(7)11(14)15/h3-4,6,13,16H,2,5H2,1H3,(H,14,15)/t6-/m1/s1",C11H13O3SBr,305,3.41,4.15,-5.27,14.2,-190,3.3547185792347225,1
OC/C=C(/CCc1ncc(cc1Br)OC[C@@H](c1oncc1)S)\C,3/000000014,"InChI=1S/C16H19BrN2O3S/c1-11(5-7-20)2-3-14-13(17)8-12(9-18-14)21-10-16(23)15-4-6-19-22-15/h4-6,8-9,16,20,23H,2-3,7,10H2,1H3/b11-5+/t16-/m0/s1",C16H19N2O3SBr,399,2.31,4.15,1.21,3.58,-190,3.9616326663783994,1
OC(=O)C(=C)c1cc(OP(=O)(O)O)c(c(c1)Br)O,17/000000071,"InChI=1S/C9H8BrO7P/c1-4(9(12)13)5-2-6(10)8(11)7(3-5)17-18(14,15)16/h2-3,11H,1H2,(H,12,13)(H2,14,15,16)",C9H8O7PBr,339,0.63,4.15,-5.19,18.9,-20,2.9286291383664977,1
OC(=O)C(=C)[C@H](CNCc1ccc(c(c1)O)Br)C=C,17/000000281,"InChI=1S/C14H16BrNO3/c1-3-11(9(2)14(18)19)8-16-7-10-4-5-12(15)13(17)6-10/h3-6,11,16-17H,1-2,7-8H2,(H,18,19)/t11-/m0/s1",C14H16NO3Br,326,2.3,4.14,-7.55,2.22,-190,3.4454479420456856,1
OC(=O)Cc1ncc(c(c1Br)S)O[C@@H]1C=CCC1,3/000000059,"InChI=1S/C12H12BrNO3S/c13-11-8(5-10(15)16)14-6-9(12(11)18)17-7-3-1-2-4-7/h1,3,6-7H,2,4-5H2,(H,14,18)(H,15,16)/t7-/m1/s1",C12H12NO3SBr,330,2.39,4.14,-3.07,2.48,-150,3.8638144969112735,1
Oc1c(I)nc(cc1)[C@@H](C=C)N,30/000000336,"InChI=1S/C8H9IN2O/c1-2-5(10)6-3-4-7(12)8(9)11-6/h2-5,12H,1,10H2/t5-/m1/s1",C8H9N2OI,276,1.21,4.14,7.83,10.1,-150,4.011177324634888,1
Sc1c(OCCNc2nc(ncc2)N)cncc1Br,3/000000045,"InChI=1S/C11H12BrN5OS/c12-7-5-14-6-8(10(7)19)18-4-3-15-9-1-2-16-11(13)17-9/h1-2,5-6H,3-4H2,(H,14,19)(H3,13,15,16,17)",C11H12N5OSBr,342,1.66,4.14,3.63,3.58,0,2.9724899691655438,1
C1=C(/C=C/2\NC(=O)N(C2=O)[C@@H](/C=C/C)c2oncc2)CNN1,17/000000217,"InChI=1S/C14H15N5O3/c1-2-3-11(12-4-5-17-22-12)19-13(20)10(18-14(19)21)6-9-7-15-16-8-9/h2-7,11,15-16H,8H2,1H3,(H,18,21)/b3-2+,10-6-/t11-/m0/s1",C14H15N5O3,301,0.83,4.14,-2.78,3.58,-170,4.691512142391829,1
C(=C\CBr)/NCc1nccc(n1)C[C@H](C[NH3+])CCN,3/000000120,"InChI=1S/C13H22BrN5/c14-4-1-6-17-10-13-18-7-3-12(19-13)8-11(9-16)2-5-15/h1,3,6-7,11,17H,2,4-5,8-10,15-16H2/p+1/b6-1+/t11-/m1/s1",C13H23N5Br,329,0.13,4.14,-0.71,3.58,-190,4.391980219572082,1
OC(=O)[C@H](c1ccc(c(c1)O)S(=O)=O)S,17/000000017,"InChI=1S/C8H8O5S2/c9-5-3-4(7(14)8(10)11)1-2-6(5)15(12)13/h1-3,7,9,14-15H,(H,10,11)/t7-/m0/s1",C8H8O5S2,248,0.14,4.13,-3.92,2.35,-150,4.218007787356412,1
c1oc(cc1C(=C)c1nc[nH]c1N(=O)=O)C(=O)N,25/000000050,"InChI=1S/C10H8N4O4/c1-5(6-2-7(9(11)15)18-3-6)8-10(14(16)17)13-4-12-8/h2-4H,1H2,(H2,11,15)(H,12,13)",C10H8N4O4,248,0.23,4.13,1.22,23.9,0,3.6377030241080845,1
O[C@H](CCCF)c1nnc(o1)S,30/000000087,"InChI=1S/C6H9FN2O2S/c7-3-1-2-4(10)5-8-9-6(12)11-5/h4,10H,1-3H2,(H,9,12)/t4-/m1/s1",C6H9N2O2SF,192,1.97,4.13,5.53,2.22,-150,4.008157919040483,1
OC(=O)CCCOC(=O)C#C[C@H]1NNCC1,24/000000003,"InChI=1S/C10H14N2O4/c13-9(14)2-1-7-16-10(15)4-3-8-5-6-11-12-8/h8,11-12H,1-2,5-7H2,(H,13,14)/t8-/m1/s1",C10H14N2O4,226,1.1,4.13,-2.0,2.22,-150,3.9839407770369215,1
c1nc(oc1CONCc1nnc([nH]1)C(=O)C)CC,17/000000160,"InChI=1S/C11H15N5O3/c1-3-10-12-4-8(19-10)6-18-13-5-9-14-11(7(2)17)16-15-9/h4,13H,3,5-6H2,1-2H3,(H,14,15,16)",C11H15N5O3,265,1.0,4.13,-0.35,3.58,-80,3.6690438153193883,1
SCCCCc1nnc([nH]1)[C@@H](c1cnccc1)C#CC=S,17/000000023,"InChI=1S/C15H16N4S2/c20-9-2-1-7-14-17-15(19-18-14)13(6-4-10-21)12-5-3-8-16-11-12/h3,5,8,10-11,13,20H,1-2,7,9H2,(H,17,18,19)/t13-/m1/s1",C15H16N4S2,316,3.35,4.13,-2.91,24.0,-170,4.237601420229208,1
Oc1cc(ccc1C[C@H](C)O)C(=O)c1ccc(cc1)Cl,17/000000018,"InChI=1S/C16H15ClO3/c1-10(18)8-12-2-3-13(9-15(12)19)16(20)11-4-6-14(17)7-5-11/h2-7,9-10,18-19H,8H2,1H3/t10-/m0/s1",C16H15O3Cl,290,3.6,4.13,-7.32,3.58,-190,2.424278726450657,1
Oc1cnc(c(c1)Cl)C#C[C@@H](c1occ(c1)C(=O)N)C=S,25/000000061,"InChI=1S/C14H9ClN2O3S/c15-11-4-10(18)5-17-12(11)2-1-8(7-21)13-3-9(6-20-13)14(16)19/h3-8,18H,(H2,16,19)/t8-/m1/s1",C14H9N2O3SCl,320,1.0,4.13,-2.13,25.0,-190,4.1978793173462225,1
SCCCc1c(C#CCC(=O)N)occ1,25/000000025,"InChI=1S/C11H13NO2S/c12-11(13)5-1-4-10-9(3-2-8-15)6-7-14-10/h6-7,15H,2-3,5,8H2,(H2,12,13)",C11H13NO2S,223,1.09,4.12,-3.57,18.7,0,3.6965913605621594,1
OC(=O)c1[nH][nH]c(=O)c1C/C=C/C=C,30/000000157,"InChI=1S/C9H10N2O3/c1-2-3-4-5-6-7(9(13)14)10-11-8(6)12/h2-4H,1,5H2,(H,13,14)(H2,10,11,12)/b4-3+",C9H10N2O3,194,0.47,4.12,6.81,3.85,0,3.4844137840727045,1
OC(=O)[C@](c1ccc(c(c1)O)Br)(N)OC,17/000000090,"InChI=1S/C9H10BrNO4/c1-15-9(11,8(13)14)5-2-3-6(10)7(12)4-5/h2-4,12H,11H2,1H3,(H,13,14)/t9-/m1/s1",C9H10NO4Br,276,0.82,4.12,-3.16,13.1,-170,3.47192731398363,1
O=C(CONCc1nnc([nH]1)CCn1ncoc1=O)N,17/000000213,"InChI=1S/C9H13N7O4/c10-6(17)4-20-12-3-8-13-7(14-15-8)1-2-16-9(18)19-5-11-16/h5,12H,1-4H2,(H2,10,17)(H,13,14,15)",C9H13N7O4,283,-0.12,4.12,-1.81,3.58,-60,3.916849398630304,1
OC(=O)[C@@H](c1ncc(c(c1Br)S)OS(=O)=O)N(=O)=O,3/000000114,"InChI=1S/C7H5BrN2O7S2/c8-3-4(5(7(11)12)10(13)14)9-1-2(6(3)18)17-19(15)16/h1,5,19H,(H,9,18)(H,11,12)/t5-/m1/s1",C7H5N2O7S2Br,373,0.3,4.12,-4.79,23.7,-170,4.654429879436026,1
O[C@H](c1nnc(n1CCC)CO)C=C,17/000000189,"InChI=1S/C9H15N3O2/c1-3-5-12-8(6-13)10-11-9(12)7(14)4-2/h4,7,13-14H,2-3,5-6H2,1H3/t7-/m0/s1",C9H15N3O2,197,1.01,4.12,-6.21,3.58,-190,3.517205114101376,1
O=C(C)NC/C=C/C=C\Cc1nnc([nH]1)C1=COC=CC1,17/000000196,"InChI=1S/C15H18N4O2/c1-12(20)16-9-5-3-2-4-8-14-17-15(19-18-14)13-7-6-10-21-11-13/h2-6,10-11H,7-9H2,1H3,(H,16,20)(H,17,18,19)/b4-2-,5-3+",C15H18N4O2,286,2.18,4.12,2.04,24.7,-160,4.013688008830656,1
N(C[C@@H](OC(=O)c1n[nH]c(=S)[nH]1)F)CNNC,16/000000001,"InChI=1S/C7H13FN6O2S/c1-9-11-3-10-2-4(8)16-6(15)5-12-7(17)14-13-5/h4,9-11H,2-3H2,1H3,(H2,12,13,14,17)/t4-/m1/s1",C7H13N6O2SF,264,1.3,4.11,4.9,2.22,-170,4.677208277964497,1
OCC#CCC(=C)c1occ(c1)C(=O)N,25/000000053,"InChI=1S/C11H11NO3/c1-8(4-2-3-5-13)10-6-9(7-15-10)11(12)14/h6-7,13H,1,4-5H2,(H2,12,14)",C11H11NO3,205,-0.38,4.11,3.01,18.4,0,3.5474895915994145,1
O[C@H](C/C=C\C1=CNC=CC1)c1nn[nH]c1,10/000000009,"InChI=1S/C11H14N4O/c16-11(10-8-13-15-14-10)5-1-3-9-4-2-6-12-7-9/h1-3,6-8,11-12,16H,4-5H2,(H,13,14,15)/b3-1-/t11-/m1/s1",C11H14N4O,218,0.73,4.11,1.65,2.22,-150,4.811020777036921,1
Oc1c(Br)ccc(c1)CNC[C@@H](C1=CC=COC1)C=C,17/000000223,"InChI=1S/C16H18BrNO2/c1-2-13(14-4-3-7-20-11-14)10-18-9-12-5-6-15(17)16(19)8-12/h2-8,13,18-19H,1,9-11H2/t13-/m0/s1",C16H18NO2Br,336,2.66,4.1,-7.68,3.58,-190,3.897020485743994,1
Sc1cccc(c1)C[C@H](NC1=NCC(=O)N1)S,9/000000011,"InChI=1S/C11H13N3OS2/c15-9-6-12-11(13-9)14-10(17)5-7-2-1-3-8(16)4-7/h1-4,10,16-17H,5-6H2,(H2,12,13,14,15)/t10-/m1/s1",C11H13N3OS2,267,1.4,4.1,-3.42,2.22,-170,3.9560869604522226,1
OC(=O)[C@@H](c1ncc(c(c1Br)S)OCCON)N(=O)=O,3/000000115,"InChI=1S/C9H10BrN3O6S/c10-5-6(7(9(14)15)13(16)17)12-3-4(8(5)20)18-1-2-19-11/h3,7H,1-2,11H2,(H,12,20)(H,14,15)/t7-/m1/s1",C9H10N3O6SBr,368,0.01,4.1,-4.85,5.09,-190,4.0775129156576755,1
C=C[C@H](c1nnc([nH]1)CNCCCN)C#Cc1[nH]ccc1,17/000000043,"InChI=1S/C15H20N6/c1-2-12(6-7-13-5-3-10-18-13)15-19-14(20-21-15)11-17-9-4-8-16/h2-3,5,10,12,17-18H,1,4,8-9,11,16H2,(H,19,20,21)/t12-/m0/s1",C15H20N6,284,1.96,4.1,-3.76,25.0,-190,4.370887674958086,1
S[C@H](Cc1cccc(c1)OCC)NC1=NCC(=O)N1,9/000000028,"InChI=1S/C13H17N3O2S/c1-2-18-10-5-3-4-9(6-10)7-12(19)16-13-14-8-11(17)15-13/h3-6,12,19H,2,7-8H2,1H3,(H2,14,15,16,17)/t12-/m1/s1",C13H17N3O2S,279,1.36,4.1,-3.53,2.22,-190,3.4006032964951576,1
Oc1noc(c1)CC/C=C/NCC1=CCOC1=O,3/000000037,"InChI=1S/C12H14N2O4/c15-11-7-10(18-14-11)3-1-2-5-13-8-9-4-6-17-12(9)16/h2,4-5,7,13H,1,3,6,8H2,(H,14,15)/b5-2+",C12H14N2O4,250,1.13,4.1,2.87,3.58,0,3.78241956800375,1
Oc1ccc2c(c1)cc(cc2)OCC(=O)N,25/000000002,"InChI=1S/C12H11NO3/c13-12(15)7-16-11-4-2-8-1-3-10(14)5-9(8)6-11/h1-6,14H,7H2,(H2,13,15)",C12H11NO3,217,1.45,4.1,-4.74,2.22,-100,1.8639269368867932,1
N([C@H](c1nnc([nH]1)CBr)C(=C)N)OCc1ocnc1,17/000000175,"InChI=1S/C10H13BrN6O2/c1-6(12)9(10-14-8(2-11)15-16-10)17-19-4-7-3-13-5-18-7/h3,5,9,17H,1-2,4,12H2,(H,14,15,16)/t9-/m0/s1",C10H13N6O2Br,329,1.13,4.1,-0.48,23.9,-150,4.587275091366952,1
Oc1noc(c1C(=O)CCl)CC/C=C/NCC1=CCOC1=O,3/000000033,"InChI=1S/C14H15ClN2O5/c15-7-10(18)12-11(22-17-13(12)19)3-1-2-5-16-8-9-4-6-21-14(9)20/h2,4-5,16H,1,3,6-8H2,(H,17,19)/b5-2+",C14H15N2O5Cl,326,1.13,4.09,1.25,5.09,0,3.898306731876583,1
Sc1cccc(c1)C/C=C/[C@H](CO)N,12/000000054,"InChI=1S/C11H15NOS/c12-10(8-13)5-1-3-9-4-2-6-11(14)7-9/h1-2,4-7,10,13-14H,3,8,12H2/b5-1+/t10-/m1/s1",C11H15NOS,209,1.66,4.09,9.98,2.22,-150,3.5233304021736274,1
c1nccc(n1)c1nnc([nH]1)CNOCc1oc(nc1)CC,17/000000150,"InChI=1S/C13H15N7O2/c1-2-12-15-5-9(22-12)7-21-17-6-11-18-13(20-19-11)10-3-4-14-8-16-10/h3-5,8,17H,2,6-7H2,1H3,(H,18,19,20)",C13H15N7O2,301,0.9,4.09,-0.71,23.2,-180,3.501023712216343,1
OC(=O)C(=C)c1ccc(c(c1S)Br)O,17/000000053,"InChI=1S/C9H7BrO3S/c1-4(9(12)13)5-2-3-6(11)7(10)8(5)14/h2-3,11,14H,1H2,(H,12,13)",C9H7O3SBr,275,2.84,4.09,-6.54,2.22,-40,3.0878844318459846,1
c1scc(n1)C[C@H](NC1=NCC(=O)N1)c1oncc1,9/000000016,"InChI=1S/C11H11N5O2S/c17-10-4-12-11(16-10)15-8(9-1-2-14-18-9)3-7-5-19-6-13-7/h1-2,5-6,8H,3-4H2,(H2,12,15,16,17)/t8-/m0/s1",C11H11N5O2S,277,0.12,4.09,-0.12,3.58,-150,4.009039102355964,1
SCc1nc(I)c(cc1N=O)O,30/000000210,"InChI=1S/C6H5IN2O2S/c7-6-5(10)1-3(9-11)4(2-12)8-6/h1,10,12H,2H2",C6H5N2O2SI,296,1.52,4.09,7.27,13.2,0,4.066247811407837,1
Oc1ccccc1[C@H](CCO)C=C,17/000000270,"InChI=1S/C11H14O2/c1-2-9(7-8-12)10-5-3-4-6-11(10)13/h2-6,9,12-13H,1,7-8H2/t9-/m0/s1",C11H14O2,178,1.72,4.09,-4.48,3.58,-190,3.020015897851261,1
N[C@@H](NC)Nc1cc(O)c(cc1C(=C)C(=O)O)Br,17/000000070,"InChI=1S/C11H14BrN3O3/c1-5(10(17)18)6-3-7(12)9(16)4-8(6)15-11(13)14-2/h3-4,11,14-16H,1,13H2,2H3,(H,17,18)",C11H12N3O3Br,314,1.63,4.09,-6.67,17.6,-40,3.7623165329178194,1
Oc1cc(cc(c1Br)CF)[C@@H](N)OC,17/000000108,"InChI=1S/C9H11BrFNO2/c1-14-9(12)5-2-6(4-11)8(10)7(13)3-5/h2-3,9,13H,4,12H2,1H3/t9-/m0/s1",C9H11NO2FBr,264,1.91,4.09,-4.13,12.4,-190,3.8464842803121204,1
Oc1c(I)nc(cc1)C(S)S,30/000000315,"InChI=1S/C6H6INOS2/c7-5-4(9)2-1-3(8-5)6(10)11/h1-2,6,9-11H",C6H6NOS2I,299,2.16,4.08,8.18,11.5,-150,3.8880502036712343,1
OC(=O)[C@H](c1nnc(o1)S)N,30/000000001,"InChI=1S/C4H5N3O3S/c5-1(3(8)9)2-6-7-4(11)10-2/h1H,5H2,(H,7,11)(H,8,9)/t1-/m0/s1",C4H5N3O3S,175,-0.29,4.08,4.84,1.11,-150,3.9324233011157927,1
OC(=O)c1cc(O)c(cc1C(=O)OC)CCF,17/000000049,"InChI=1S/C11H11FO5/c1-17-11(16)8-4-6(2-3-12)9(13)5-7(8)10(14)15/h4-5,13H,2-3H2,1H3,(H,14,15)",C11H11O5F,242,1.85,4.08,-5.96,16.1,-20,2.4245711972251716,1
Oc1c(I)nc(cc1)[C@H]([NH3+])C,30/000000272,"InChI=1S/C7H9IN2O/c1-4(9)5-2-3-6(11)7(8)10-5/h2-4,11H,9H2,1H3/p+1/t4-/m1/s1",C7H10N2OI,265,1.26,4.08,7.1,8.5,-170,4.426602080956641,1
S[C@H](Cc1ccccc1)NC1=NCC(=O)N1,9/000000009,"InChI=1S/C11H13N3OS/c15-9-7-12-11(13-9)14-10(16)6-8-4-2-1-3-5-8/h1-5,10,16H,6-7H2,(H2,12,13,14,15)/t10-/m1/s1",C11H13N3OS,235,1.03,4.08,-0.8,2.22,-150,3.3922264626556498,1
Oc1cc(c(cc1Br)CCl)[C@@H](N)OC,17/000000059,"InChI=1S/C9H11BrClNO2/c1-14-9(12)6-3-8(13)7(10)2-5(6)4-11/h2-3,9,13H,4,12H2,1H3/t9-/m0/s1",C9H11NO2ClBr,280,2.05,4.08,-4.19,2.61,-170,3.641729602557443,1
OC(=O)C(=C)c1c(/N=C/2\SCCN2)cc(c(c1)Br)O,17/000000096,"InChI=1S/C12H11BrN2O3S/c1-6(11(17)18)7-4-8(13)10(16)5-9(7)15-12-14-2-3-19-12/h4-5,16H,1-3H2,(H,14,15)(H,17,18)",C12H11N2O3SBr,343,2.31,4.08,-7.04,19.7,-20,3.804340955358837,1
OC(=O)[C@H](/C=C/C=S)c1nnc(o1)S,30/000000106,"InChI=1S/C7H6N2O3S2/c10-6(11)4(2-1-3-13)5-8-9-7(14)12-5/h1-4H,(H,9,14)(H,10,11)/b2-1+/t4-/m1/s1",C7H6N2O3S2,230,1.04,4.08,5.75,3.85,-150,4.687186895477894,1
OCCOc1cnc(c(c1S)Br)Cc1ncsc1,3/000000107,"InChI=1S/C11H11BrN2O2S2/c12-10-8(3-7-5-18-6-14-7)13-4-9(11(10)17)16-2-1-15/h4-6,15H,1-3H2,(H,13,17)",C11H11N2O2S2Br,347,1.9,4.07,-4.34,20.1,0,3.3214914440914622,1
OC[C@H](CSc1ccc(cc1)Br)NC(=O)NC1=NCC(=O)N1,9/000000024,"InChI=1S/C13H15BrN4O3S/c14-8-1-3-10(4-2-8)22-7-9(6-19)16-13(21)18-12-15-5-11(20)17-12/h1-4,9,19H,5-7H2,(H3,15,16,17,18,20,21)/t9-/m1/s1",C13H15N4O3SBr,387,0.67,4.07,-5.11,3.58,-150,3.3244452866669087,1
Oc1c(Br)ccc(c1)CNC[C@H](C=C)NN,17/000000225,"InChI=1S/C11H16BrN3O/c1-2-9(15-13)7-14-6-8-3-4-10(12)11(16)5-8/h2-5,9,14-16H,1,6-7,13H2/t9-/m0/s1",C11H16N3OBr,286,1.64,4.07,-6.71,2.22,-170,3.432859588225732,1
Oc1c(I)nc(cc1)[C@H]([NH3+])C=C,30/000000320,"InChI=1S/C8H9IN2O/c1-2-5(10)6-3-4-7(12)8(9)11-6/h2-5,12H,1,10H2/p+1/t5-/m1/s1",C8H10N2OI,277,1.21,4.07,6.37,10.1,-150,4.679007613096427,1
c1ncc(o1)CON[C@H](CCOCC)c1nnc[nH]1,17/000000142,"InChI=1S/C11H17N5O3/c1-2-17-4-3-10(11-13-7-14-15-11)16-19-6-9-5-12-8-18-9/h5,7-8,10,16H,2-4,6H2,1H3,(H,13,14,15)/t10-/m1/s1",C11H17N5O3,267,1.36,4.07,-2.14,3.58,-170,4.1369923990592605,1
O[C@H](C/C=C\C)c1nnc(o1)S,30/000000083,"InChI=1S/C7H10N2O2S/c1-2-3-4-5(10)6-8-9-7(12)11-6/h2-3,5,10H,4H2,1H3,(H,9,12)/b3-2-/t5-/m1/s1",C7H10N2O2S,186,1.71,4.06,4.94,2.22,-170,4.152711765194329,1
OC(=O)[C@H](c1nc(I)c(cc1)O)O,30/000000279,"InChI=1S/C7H6INO4/c8-6-4(10)2-1-3(9-6)5(11)7(12)13/h1-2,5,10-11H,(H,12,13)/t5-/m0/s1",C7H6NO4I,295,0.05,4.06,7.65,2.22,-150,3.560590332240402,1
Oc1cc(ccc1CCl)[C@H](CCC)O,17/000000219,"InChI=1S/C11H15ClO2/c1-2-3-10(13)8-4-5-9(7-12)11(14)6-8/h4-6,10,13-14H,2-3,7H2,1H3/t10-/m0/s1",C11H15O2Cl,214,2.51,4.06,-0.92,2.35,-170,2.780141551348338,1
Sc1c(OCCCCF)cnc(c1Br)CS,3/000000052,"InChI=1S/C10H13BrFNOS2/c11-9-7(6-15)13-5-8(10(9)16)14-4-2-1-3-12/h5,15H,1-4,6H2,(H,13,16)",C10H13NOS2FBr,326,3.66,4.06,-3.33,3.72,0,3.4568505732504295,1
OCC(CO)Oc1cncc(c1S)Br,3/000000039,"InChI=1S/C8H10BrNO3S/c9-6-1-10-2-7(8(6)14)13-5(3-11)4-12/h1-2,5,11-12H,3-4H2,(H,10,14)",C8H10NO3SBr,280,0.48,4.06,-0.61,2.22,-150,3.295967630226551,1
NC(=O)c1nnc(o1)SCc1n[nH]c(=O)[nH]1,25/000000047,"InChI=1S/C6H6N6O3S/c7-3(13)4-10-12-6(15-4)16-1-2-8-5(14)11-9-2/h1H2,(H2,7,13)(H2,8,9,11,14)",C6H6N6O3S,242,-0.14,4.06,1.07,24.4,0,3.2710561676560257,1
O[C@@H](c1[nH]nnc1C/C=C/C=C/c1nccn1CSC)N,10/000000012,"InChI=1S/C13H18N6OS/c1-21-9-19-8-7-15-11(19)6-4-2-3-5-10-12(13(14)20)17-18-16-10/h2-4,6-8,13,20H,5,9,14H2,1H3,(H,16,17,18)/b3-2+,6-4+/t13-/m0/s1",C13H18N6OS,306,0.33,4.06,-0.55,4.94,-170,4.517141306736143,1
Oc1c(Br)c(Nc2nncs2)cc(c1)CNCCC=C,17/000000290,"InChI=1S/C13H15BrN4OS/c1-2-3-4-15-7-9-5-10(12(14)11(19)6-9)17-13-18-16-8-20-13/h2,5-6,8,15,19H,1,3-4,7H2,(H,17,18)",C13H15N4OSBr,355,3.57,4.06,-8.9,21.3,-60,3.032026726565526,1
Oc1c(Br)c(cc(c1)CCC(=O)OC)CCNCCS,17/000000093,"InChI=1S/C14H20BrNO3S/c1-19-13(18)3-2-10-8-11(4-5-16-6-7-20)14(15)12(17)9-10/h8-9,16-17,20H,2-7H2,1H3",C14H20NO3SBr,362,2.67,4.06,-5.19,3.58,-60,2.7344162149718585,1
O[C@H](c1ocnc1)c1nc(I)c(cc1)O,30/000000295,"InChI=1S/C9H7IN2O3/c10-9-6(13)2-1-5(12-9)8(14)7-3-11-4-15-7/h1-4,8,13-14H/t8-/m0/s1",C9H7N2O3I,318,0.21,4.06,7.6,2.22,-150,3.858474651261737,1
Oc1ccc(cc1CNCF)c1cc[nH]c1,17/000000117,"InChI=1S/C12H13FN2O/c13-8-15-7-11-5-9(1-2-12(11)16)10-3-4-14-6-10/h1-6,14-16H,7-8H2",C12H13N2OF,220,2.05,4.05,-7.7,3.58,-180,2.8716327562847876,1
S[C@H](CCC(=O)OCC)c1nc(I)c(cc1)O,30/000000219,"InChI=1S/C11H14INO3S/c1-2-16-10(15)6-5-9(17)7-3-4-8(14)11(12)13-7/h3-4,9,14,17H,2,5-6H2,1H3/t9-/m1/s1",C11H14NO3SI,367,2.49,4.05,7.44,3.58,-170,3.562727512291689,1
Oc1cc(cc(c1Br)CN)N(S(=O)(=O)C)C,17/000000066,"InChI=1S/C9H13BrN2O3S/c1-12(16(2,14)15)7-3-6(5-11)9(10)8(13)4-7/h3-4,13H,5,11H2,1-2H3",C9H13N2O3SBr,309,1.34,4.05,-3.92,15.4,-120,2.824883559776101,1
Nc1ccc2c(c1)[C@H](OC2)/C=C/c1occ(c1)C(=O)N,25/000000038,"InChI=1S/C15H14N2O3/c16-11-2-1-9-7-20-14(13(9)6-11)4-3-12-5-10(8-19-12)15(17)18/h1-6,8,14H,7,16H2,(H2,17,18)/b4-3+/t14-/m1/s1",C15H14N2O3,270,0.28,4.05,-1.82,19.0,-190,3.7899095545699044,1
OCC#CCc1nnc([nH]1)[C@H](C=C)O,17/000000047,"InChI=1S/C9H11N3O2/c1-2-7(14)9-10-8(11-12-9)5-3-4-6-13/h2,7,13-14H,1,5-6H2,(H,10,11,12)/t7-/m0/s1",C9H11N3O2,193,0.4,4.04,-2.37,5.09,-170,4.4692996329428585,1
OC(=O)c1cc(O)c(cc1C#CCCS(=O)=O)CC,17/000000248,"InChI=1S/C13H14O5S/c1-2-9-7-10(5-3-4-6-19(17)18)11(13(15)16)8-12(9)14/h7-8,14,19H,2,4,6H2,1H3,(H,15,16)",C13H14O5S,282,1.71,4.04,-9.5,19.5,-80,3.419657993298273,1
C#Cc1cc(c(cc1C(=O)O)O)CCF,17/000000097,"InChI=1S/C11H9FO3/c1-2-7-5-8(3-4-12)10(13)6-9(7)11(14)15/h1,5-6,13H,3-4H2,(H,14,15)",C11H9O3F,208,2.41,4.04,-5.08,3.58,0,2.948163888034685,1
Oc1cc(c(cc1CCCO)[C@H](CO)F)C,17/000000283,"InChI=1S/C12H17FO3/c1-8-5-12(16)9(3-2-4-14)6-10(8)11(13)7-15/h5-6,11,14-16H,2-4,7H2,1H3/t11-/m0/s1",C12H17O3F,228,1.03,4.04,-6.65,5.09,-190,3.248427574890231,1
O[C@H](c1nnc([nH]1)COc1cccc(c1)Br)C=C,17/000000001,"InChI=1S/C12H12BrN3O2/c1-2-10(17)12-14-11(15-16-12)7-18-9-5-3-4-8(13)6-9/h2-6,10,17H,1,7H2,(H,14,15,16)/t10-/m0/s1",C12H12N3O2Br,310,3.16,4.04,-7.42,3.58,-190,3.4270813928388755,1
Oc1c(/C=C/c2occ(c2)C(=O)N)cc(cc1)Cl,25/000000012,"InChI=1S/C13H10ClNO3/c14-10-2-4-12(16)8(5-10)1-3-11-6-9(7-18-11)13(15)17/h1-7,16H,(H2,15,17)/b3-1+",C13H10NO3Cl,263,1.96,4.04,-5.7,2.22,-60,2.7136034259919146,1
OC(=O)[C@H](C=C)c1nnc(o1)S,30/000000076,"InChI=1S/C6H6N2O3S/c1-2-3(5(9)10)4-7-8-6(12)11-4/h2-3H,1H2,(H,8,12)(H,9,10)/t3-/m1/s1",C6H6N2O3S,186,1.34,4.04,6.88,2.47,-150,4.1950153054041195,1
C=C[C@@H](c1scc(c1)C(=O)N)c1oc(=S)[nH]n1,25/000000027,"InChI=1S/C10H9N3O2S2/c1-2-6(9-12-13-10(16)15-9)7-3-5(4-17-7)8(11)14/h2-4,6H,1H2,(H2,11,14)(H,13,16)/t6-/m0/s1",C10H9N3O2S2,267,1.02,4.04,-3.24,24.8,-150,4.047352631483319,1
Sc1nc(cn1CC)c1occ(c1)C(=O)N,25/000000029,"InChI=1S/C10H11N3O2S/c1-2-13-4-7(12-10(13)16)8-3-6(5-15-8)9(11)14/h3-5H,2H2,1H3,(H2,11,14)(H,12,16)",C10H11N3O2S,237,0.85,4.04,-3.61,20.2,-100,3.269958964858821,1
c1ncc(s1)/C=C/COC[C@@H]([NH3+])c1nn[nH]c1,10/000000017,"InChI=1S/C10H13N5OS/c11-9(10-5-13-15-14-10)6-16-3-1-2-8-4-12-7-17-8/h1-2,4-5,7,9H,3,6,11H2,(H,13,14,15)/p+1/b2-1+/t9-/m1/s1",C10H14N5OS,252,-0.38,4.04,-0.95,2.22,-150,4.825311806606068,1
N(C(=O)NCCSc1ccc(c(c1)CBr)Br)C1=NCC(=O)N1,9/000000032,"InChI=1S/C13H14Br2N4O2S/c14-6-8-5-9(1-2-10(8)15)22-4-3-16-13(21)19-12-17-7-11(20)18-12/h1-2,5H,3-4,6-7H2,(H3,16,17,18,19,20,21)",C13H14N4O2SBr2,450,2.14,4.04,-6.97,3.58,-20,3.0322231090477985,1
Oc1c(I)nc(cc1)[C@@H](CC)[NH3+],30/000000306,"InChI=1S/C8H11IN2O/c1-2-5(10)6-3-4-7(12)8(9)11-6/h3-5,12H,2,10H2,1H3/p+1/t5-/m1/s1",C8H12N2OI,279,1.62,4.04,6.17,9.1,-170,4.467611459250273,1
Oc1cc(O)c(nc1CN(=O)=O)I,30/000000239,"InChI=1S/C6H5IN2O4/c7-6-5(11)1-4(10)3(8-6)2-9(12)13/h1,10-11H,2H2",C6H5N2O4I,296,0.73,4.04,6.9,12.9,0,3.6321211979726282,1
Sc1nc(cn1CCNNCC)c1occ(c1)C(=O)N,25/000000066,"InChI=1S/C12H17N5O2S/c1-2-14-15-3-4-17-6-9(16-12(17)20)10-5-8(7-19-10)11(13)18/h5-7,14-15H,2-4H2,1H3,(H2,13,18)(H,16,20)",C12H17N5O2S,295,1.22,4.03,-2.88,24.2,-140,3.5618355756112177,1
Oc1c(I)nc(cc1)[C@@H](NC)N,30/000000290,"InChI=1S/C7H10IN3O/c1-10-7(9)4-2-3-5(12)6(8)11-4/h2-3,7,10,12H,9H2,1H3/t7-/m1/s1",C7H10N3OI,279,0.59,4.03,8.5,9.9,-170,3.9960547284810417,1
O=C(CONCc1nnc([nH]1)CC)N,17/000000126,"InChI=1S/C7H13N5O2/c1-2-6-10-7(12-11-6)3-9-14-4-5(8)13/h9H,2-4H2,1H3,(H2,8,13)(H,10,11,12)",C7H13N5O2,199,0.26,4.03,-1.75,2.22,-20,3.5684770353962803,1
Oc1ccc(cc1)c1cc[nH]c1C(=O)OCC[NH3+],17/000000115,"InChI=1S/C13H14N2O3/c14-6-8-18-13(17)12-11(5-7-15-12)9-1-3-10(16)4-2-9/h1-5,7,15-16H,6,8,14H2/p+1",C13H15N2O3,247,1.44,4.02,-3.84,3.58,-160,3.0134905391140876,1
Sc1c(OCCOC(=O)c2c[nH]cc2)cncc1Br,3/000000100,"InChI=1S/C12H11BrN2O3S/c13-9-6-15-7-10(11(9)19)17-3-4-18-12(16)8-1-2-14-5-8/h1-2,5-7,14H,3-4H2,(H,15,19)",C12H11N2O3SBr,343,2.32,4.02,2.75,3.58,0,3.0659412512168247,1
Oc1cc(O)c(nc1CN)I,30/000000221,"InChI=1S/C6H7IN2O2/c7-6-5(11)1-4(10)3(2-8)9-6/h1,10-11H,2,8H2",C6H7N2O2I,266,0.33,4.02,7.99,9.1,0,3.388504845581049,1
Sc1nnc(o1)C#Cc1cc(ccc1I)CC(=O)N,5/000000001,"InChI=1S/C12H8IN3O2S/c13-9-3-1-7(6-10(14)17)5-8(9)2-4-11-15-16-12(19)18-11/h1,3,5H,6H2,(H2,14,17)(H,16,19)",C12H8N3O2SI,385,3.71,4.02,-4.53,24.2,-62,3.5146913237857653,1
OC[C@@H](C1=CCC=C(N1)CN)c1ccc(cc1)S(=O)(=O)N,26/000000001,"InChI=1S/C14H19N3O3S/c15-8-11-2-1-3-14(17-11)13(9-18)10-4-6-12(7-5-10)21(16,19)20/h2-7,13,17-18H,1,8-9,15H2,(H2,16,19,20)/t13-/m1/s1",C14H19N3O3S,309,-0.27,4.02,-6.03,20.5,-170,3.6577360812719517,1
S[C@H](c1n[nH]nc1)NC1=NCC(=O)N1,9/000000025,"InChI=1S/C6H8N6OS/c13-4-2-7-6(9-4)10-5(14)3-1-8-12-11-3/h1,5,14H,2H2,(H,8,11,12)(H2,7,9,10,13)/t5-/m1/s1",C6H8N6OS,212,-0.01,4.02,1.3,21.0,-150,4.4449582719961125,1
OC(=O)c1c(C#CCCF)cc(c(c1)O)CC,17/000000276,"InChI=1S/C13H13FO3/c1-2-9-7-10(5-3-4-6-14)11(13(16)17)8-12(9)15/h7-8,15H,2,4,6H2,1H3,(H,16,17)",C13H13O3F,236,3.05,4.01,-7.46,16.7,-60,2.8512134045830315,1
Oc1c(Br)cc(c(c1)S(=O)(=O)NN)C1=CC(=O)C=CC1,17/000000224,"InChI=1S/C12H11BrN2O4S/c13-10-5-9(7-2-1-3-8(16)4-7)12(6-11(10)17)20(18,19)15-14/h1,3-6,15,17H,2,14H2",C12H11N2O4SBr,359,0.79,4.01,-6.53,21.8,-200,3.3359516928273347,1
N(C[C@@H]([NH3+])F)NCCc1nnc[nH]1,28/000000001,"InChI=1S/C6H13FN6/c7-5(8)3-11-10-2-1-6-9-4-12-13-6/h4-5,10-11H,1-3,8H2,(H,9,12,13)/p+1/t5-/m1/s1",C6H14N6F,189,1.02,4.01,-0.09,2.22,-150,4.92129666708203,1
Oc1c(Br)c(OC)cc(c1)CNC(=O)[C@@H](CS)O,17/000000221,"InChI=1S/C11H14BrNO4S/c1-17-9-3-6(2-7(14)10(9)12)4-13-11(16)8(15)5-18/h2-3,8,14-15,18H,4-5H2,1H3,(H,13,16)/t8-/m1/s1",C11H14NO4SBr,336,1.47,4.01,-0.76,5.09,-190,3.1440098430651204,1
OC(=O)c1c(C(=O)NC)cc(c(c1)O)CC,17/000000092,"InChI=1S/C11H13NO4/c1-3-6-4-7(10(14)12-2)8(11(15)16)5-9(6)13/h4-5,13H,3H2,1-2H3,(H,12,14)(H,15,16)",C11H13NO4,223,1.12,4.01,-6.68,2.22,-80,2.1649858379856948,1
O[C@@H](c1nnc(o1)S)C(=O)CCl,30/000000013,"InChI=1S/C5H5ClN2O3S/c6-1-2(9)3(10)4-7-8-5(12)11-4/h3,10H,1H2,(H,8,12)/t3-/m1/s1",C5H5N2O3SCl,208,0.28,4.01,4.16,2.22,-150,4.199355209250273,1
ONC/C=C\CC[C@@H]1NC(=O)C1,18/000000005,"InChI=1S/C8H14N2O2/c11-8-6-7(10-8)4-2-1-3-5-9-12/h1,3,7,9,12H,2,4-6H2,(H,10,11)/b3-1-/t7-/m0/s1",C8H14N2O2,170,0.04,4.01,8.73,2.22,-150,3.7854362407188047,1
Sc1nnc(o1)[C@H](CCCCCC(=C)C)S,30/000000123,"InChI=1S/C11H18N2OS2/c1-8(2)6-4-3-5-7-9(15)10-12-13-11(16)14-10/h9,15H,1,3-7H2,2H3,(H,13,16)/t9-/m0/s1",C11H18N2OS2,258,3.63,4.0,2.36,2.22,-170,3.947461336477481,1
[nH]1c(C#CCc2nnc([nH]2)CNCCCN)ccc1,17/000000008,"InChI=1S/C13H18N6/c14-7-3-8-15-10-13-17-12(18-19-13)6-1-4-11-5-2-9-16-11/h2,5,9,15-16H,3,6-8,10,14H2,(H,17,18,19)",C13H18N6,258,1.39,4.0,-2.81,22.8,-40,3.6565066358322094,1
